transaction_id,user_id,fd_amount,tenor_months,interest_rate,bank_name,booking_timestamp,maturity_date
TXN000001,U00004,81711,6,8.94,IDFC First,2025-07-16 05:47:33,2026-01-12 05:47:33
TXN000002,U00006,30264,36,7.93,HDFC,2025-07-19 04:52:49,2028-07-03 04:52:49
TXN000003,U00007,98929,24,7.79,Axis,2025-07-03 18:08:16,2027-06-23 18:08:16
TXN000004,U00007,59961,12,6.95,Yes Bank,2025-07-06 18:18:16,2026-07-01 18:18:16
TXN000005,U00008,59317,24,8.94,IDFC First,2025-07-11 02:50:12,2027-07-01 02:50:12
TXN000006,U00010,274987,12,8.94,ICICI,2025-07-21 18:51:12,2026-07-16 18:51:12
TXN000007,U00010,191407,6,6.6,Yes Bank,2025-07-24 19:04:12,2026-01-20 19:04:12
TXN000008,U00010,43259,24,8.56,Axis,2025-08-08 19:02:12,2027-07-29 19:02:12
TXN000009,U00010,68173,6,6.65,Kotak,2025-08-14 18:45:12,2026-02-10 18:45:12
TXN000010,U00010,160476,6,8.04,HDFC,2025-07-29 18:49:12,2026-01-25 18:49:12
TXN000011,U00015,83899,6,6.66,ICICI,2025-07-06 19:37:12,2026-01-02 19:37:12
TXN000012,U00015,95958,12,6.77,Kotak,2025-07-11 19:13:12,2026-07-06 19:13:12
TXN000013,U00015,54093,12,7.0,HDFC,2025-07-08 19:34:12,2026-07-03 19:34:12
TXN000014,U00021,106606,24,6.91,ICICI,2025-07-17 07:27:59,2027-07-07 07:27:59
TXN000015,U00021,117894,36,6.95,SBI,2025-07-21 07:03:59,2028-07-05 07:03:59
TXN000016,U00023,48571,12,7.2,HDFC,2025-07-22 03:18:23,2026-07-17 03:18:23
TXN000017,U00024,33316,6,7.42,Yes Bank,2025-07-11 19:37:31,2026-01-07 19:37:31
TXN000018,U00024,83060,3,6.56,Kotak,2025-07-17 19:21:31,2025-10-15 19:21:31
TXN000019,U00024,118424,12,8.2,Kotak,2025-07-29 19:32:31,2026-07-24 19:32:31
TXN000020,U00027,34901,6,8.54,Axis,2025-07-28 22:45:09,2026-01-24 22:45:09
TXN000021,U00027,59632,24,8.89,ICICI,2025-07-29 22:26:09,2027-07-19 22:26:09
TXN000022,U00027,35063,6,7.51,IDFC First,2025-08-11 22:36:09,2026-02-07 22:36:09
TXN000023,U00031,30723,36,8.62,IDFC First,2025-07-14 22:07:56,2028-06-28 22:07:56
TXN000024,U00031,75035,24,8.43,HDFC,2025-07-19 22:19:56,2027-07-09 22:19:56
TXN000025,U00031,200594,12,8.53,Axis,2025-07-18 21:56:56,2026-07-13 21:56:56
TXN000026,U00036,84384,12,8.42,IndusInd,2025-08-01 18:19:14,2026-07-27 18:19:14
TXN000027,U00036,84420,12,7.28,IndusInd,2025-08-03 18:08:14,2026-07-29 18:08:14
TXN000028,U00036,99087,12,9.0,HDFC,2025-08-07 18:21:14,2026-08-02 18:21:14
TXN000029,U00036,93841,12,6.71,SBI,2025-08-16 18:31:14,2026-08-11 18:31:14
TXN000030,U00037,79701,6,6.67,Yes Bank,2025-07-01 19:40:21,2025-12-28 19:40:21
TXN000031,U00037,54446,12,6.98,IDFC First,2025-07-04 19:52:21,2026-06-29 19:52:21
TXN000032,U00037,54871,36,7.93,IDFC First,2025-07-07 19:36:21,2028-06-21 19:36:21
TXN000033,U00037,56097,36,7.35,Yes Bank,2025-07-07 19:51:21,2028-06-21 19:51:21
TXN000034,U00037,199415,24,8.76,SBI,2025-07-25 19:57:21,2027-07-15 19:57:21
TXN000035,U00042,50396,24,8.2,HDFC,2025-07-14 17:55:50,2027-07-04 17:55:50
TXN000036,U00042,109028,6,8.21,ICICI,2025-07-15 17:58:50,2026-01-11 17:58:50
TXN000037,U00042,53330,36,6.68,SBI,2025-07-26 18:02:50,2028-07-10 18:02:50
TXN000038,U00042,199085,12,7.5,ICICI,2025-07-26 17:53:50,2026-07-21 17:53:50
TXN000039,U00045,126394,12,8.92,ICICI,2025-07-03 07:06:06,2026-06-28 07:06:06
TXN000040,U00046,238281,12,7.77,IndusInd,2025-07-14 21:41:23,2026-07-09 21:41:23
TXN000041,U00046,54213,36,7.4,ICICI,2025-07-21 21:26:23,2028-07-05 21:26:23
TXN000042,U00046,47870,3,8.02,Yes Bank,2025-07-22 21:34:23,2025-10-20 21:34:23
TXN000043,U00046,189047,24,8.68,ICICI,2025-07-29 21:41:23,2027-07-19 21:41:23
TXN000044,U00046,82875,12,7.61,Kotak,2025-07-26 21:23:23,2026-07-21 21:23:23
TXN000045,U00054,56197,12,7.41,ICICI,2025-07-08 07:32:47,2026-07-03 07:32:47
TXN000046,U00057,37932,12,6.71,HDFC,2025-07-07 18:21:04,2026-07-02 18:21:04
TXN000047,U00065,94181,24,8.75,HDFC,2025-07-05 23:53:02,2027-06-25 23:53:02
TXN000048,U00065,73437,24,7.5,ICICI,2025-07-10 23:57:02,2027-06-30 23:57:02
TXN000049,U00065,41969,24,7.8,Axis,2025-07-12 00:16:02,2027-07-02 00:16:02
TXN000050,U00076,121547,36,8.72,ICICI,2025-07-15 01:02:37,2028-06-29 01:02:37
TXN000051,U00076,37785,6,7.1,Yes Bank,2025-07-23 00:57:37,2026-01-19 00:57:37
TXN000052,U00076,194087,12,7.55,IDFC First,2025-07-17 01:09:37,2026-07-12 01:09:37
TXN000053,U00080,146107,3,7.76,IndusInd,2025-07-02 06:51:14,2025-09-30 06:51:14
TXN000054,U00086,435279,24,8.42,IndusInd,2025-07-17 18:47:57,2027-07-07 18:47:57
TXN000055,U00089,158087,36,7.09,Kotak,2025-07-13 06:30:22,2028-06-27 06:30:22
TXN000056,U00089,86916,24,7.6,IndusInd,2025-07-13 06:37:22,2027-07-03 06:37:22
TXN000057,U00090,63755,3,6.89,Axis,2025-07-14 21:24:05,2025-10-12 21:24:05
TXN000058,U00090,87984,6,8.05,Kotak,2025-07-20 21:24:05,2026-01-16 21:24:05
TXN000059,U00093,55870,12,7.35,IDFC First,2025-07-10 02:02:12,2026-07-05 02:02:12
TXN000060,U00093,161817,6,8.86,ICICI,2025-07-17 01:54:12,2026-01-13 01:54:12
TXN000061,U00094,64042,36,8.4,SBI,2025-07-06 01:35:22,2028-06-20 01:35:22
TXN000062,U00095,62456,6,7.06,HDFC,2025-07-13 19:36:50,2026-01-09 19:36:50
TXN000063,U00095,117811,24,7.89,IndusInd,2025-07-18 19:48:50,2027-07-08 19:48:50
TXN000064,U00100,66235,24,6.51,IndusInd,2025-07-22 06:10:09,2027-07-12 06:10:09
TXN000065,U00101,44417,6,6.89,SBI,2025-07-30 20:43:33,2026-01-26 20:43:33
TXN000066,U00101,26522,24,7.13,IDFC First,2025-08-01 20:41:33,2027-07-22 20:41:33
TXN000067,U00102,127097,12,7.05,Axis,2025-07-15 19:21:14,2026-07-10 19:21:14
TXN000068,U00102,78539,12,8.58,IndusInd,2025-07-18 19:18:14,2026-07-13 19:18:14
TXN000069,U00102,98782,36,7.44,HDFC,2025-07-19 19:30:14,2028-07-03 19:30:14
TXN000070,U00104,134750,3,8.17,HDFC,2025-07-07 00:12:09,2025-10-05 00:12:09
TXN000071,U00104,91008,3,7.81,IndusInd,2025-07-08 00:13:09,2025-10-06 00:13:09
TXN000072,U00104,66645,36,6.74,HDFC,2025-07-23 00:31:09,2028-07-07 00:31:09
TXN000073,U00105,55527,12,8.12,ICICI,2025-07-04 03:53:30,2026-06-29 03:53:30
TXN000074,U00105,180406,36,6.65,Axis,2025-07-11 03:45:30,2028-06-25 03:45:30
TXN000075,U00105,70105,12,8.46,HDFC,2025-07-12 03:58:30,2026-07-07 03:58:30
TXN000076,U00105,10000,12,8.63,ICICI,2025-07-19 03:48:30,2026-07-14 03:48:30
TXN000077,U00107,60040,36,8.67,IndusInd,2025-07-08 20:28:51,2028-06-22 20:28:51
TXN000078,U00107,43341,24,7.13,ICICI,2025-07-16 20:44:51,2027-07-06 20:44:51
TXN000079,U00107,92732,24,7.7,Kotak,2025-07-08 20:54:51,2027-06-28 20:54:51
TXN000080,U00107,55836,12,6.58,IndusInd,2025-08-04 20:55:51,2026-07-30 20:55:51
TXN000081,U00107,66559,24,8.8,Kotak,2025-07-20 20:56:51,2027-07-10 20:56:51
TXN000082,U00109,219754,12,7.66,IndusInd,2025-07-16 04:35:28,2026-07-11 04:35:28
TXN000083,U00109,161628,12,8.6,HDFC,2025-07-19 04:22:28,2026-07-14 04:22:28
TXN000084,U00127,84143,24,7.18,Yes Bank,2025-07-14 08:35:14,2027-07-04 08:35:14
TXN000085,U00127,21465,36,8.91,SBI,2025-07-20 08:18:14,2028-07-04 08:18:14
TXN000086,U00133,101042,12,8.84,SBI,2025-07-15 21:12:01,2026-07-10 21:12:01
TXN000087,U00133,24325,6,7.36,SBI,2025-07-24 20:58:01,2026-01-20 20:58:01
TXN000088,U00139,146545,24,8.33,Yes Bank,2025-07-05 05:15:29,2027-06-25 05:15:29
TXN000089,U00139,90182,3,7.43,Kotak,2025-07-14 05:14:29,2025-10-12 05:14:29
TXN000090,U00142,129864,3,8.69,Yes Bank,2025-07-06 00:58:43,2025-10-04 00:58:43
TXN000091,U00142,87914,36,8.48,Yes Bank,2025-07-10 01:07:43,2028-06-24 01:07:43
TXN000092,U00142,26877,12,8.53,Kotak,2025-07-20 00:53:43,2026-07-15 00:53:43
TXN000093,U00142,57211,3,8.56,HDFC,2025-07-24 00:54:43,2025-10-22 00:54:43
TXN000094,U00147,70814,36,7.17,ICICI,2025-07-28 05:47:04,2028-07-12 05:47:04
TXN000095,U00147,235556,12,7.1,IndusInd,2025-08-04 05:48:04,2026-07-30 05:48:04
TXN000096,U00148,159534,12,7.88,Kotak,2025-07-08 06:56:26,2026-07-03 06:56:26
TXN000097,U00148,34256,3,7.41,HDFC,2025-07-14 06:53:26,2025-10-12 06:53:26
TXN000098,U00156,58430,12,7.56,Yes Bank,2025-08-06 09:11:18,2026-08-01 09:11:18
TXN000099,U00156,42250,3,6.82,HDFC,2025-08-07 09:07:18,2025-11-05 09:07:18
TXN000100,U00156,45980,12,8.56,IndusInd,2025-08-18 08:48:18,2026-08-13 08:48:18
TXN000101,U00159,21388,12,7.46,IndusInd,2025-07-16 22:16:05,2026-07-11 22:16:05
TXN000102,U00159,19417,12,8.51,HDFC,2025-07-17 22:04:05,2026-07-12 22:04:05
TXN000103,U00162,70262,36,7.14,IDFC First,2025-07-13 00:53:27,2028-06-27 00:53:27
TXN000104,U00170,18936,24,8.05,IndusInd,2025-07-18 05:49:09,2027-07-08 05:49:09
TXN000105,U00172,118371,24,7.49,SBI,2025-07-05 03:48:16,2027-06-25 03:48:16
TXN000106,U00179,70525,6,8.73,HDFC,2025-07-14 22:56:10,2026-01-10 22:56:10
TXN000107,U00179,183865,12,8.93,IndusInd,2025-07-20 23:02:10,2026-07-15 23:02:10
TXN000108,U00185,290539,3,6.73,Axis,2025-07-31 08:45:26,2025-10-29 08:45:26
TXN000109,U00185,223711,12,6.57,IndusInd,2025-08-02 08:35:26,2026-07-28 08:35:26
TXN000110,U00194,163101,36,6.57,IndusInd,2025-07-05 19:28:34,2028-06-19 19:28:34
TXN000111,U00194,104868,3,8.62,IDFC First,2025-07-14 19:47:34,2025-10-12 19:47:34
TXN000112,U00194,62876,12,8.3,SBI,2025-07-15 19:35:34,2026-07-10 19:35:34
TXN000113,U00195,73413,12,7.28,HDFC,2025-07-10 06:52:33,2026-07-05 06:52:33
TXN000114,U00195,97548,3,7.55,IndusInd,2025-07-18 07:18:33,2025-10-16 07:18:33
TXN000115,U00196,214301,24,6.56,IDFC First,2025-07-28 09:13:02,2027-07-18 09:13:02
TXN000116,U00200,194126,12,6.92,Kotak,2025-08-03 04:08:10,2026-07-29 04:08:10
TXN000117,U00201,18677,12,8.21,SBI,2025-07-23 19:57:04,2026-07-18 19:57:04
TXN000118,U00202,49877,12,7.11,IDFC First,2025-07-11 20:58:18,2026-07-06 20:58:18
TXN000119,U00202,73134,6,7.06,SBI,2025-07-19 20:54:18,2026-01-15 20:54:18
TXN000120,U00202,64479,12,8.53,IDFC First,2025-07-25 21:08:18,2026-07-20 21:08:18
TXN000121,U00204,114672,12,8.84,SBI,2025-07-22 01:15:04,2026-07-17 01:15:04
TXN000122,U00215,85189,24,8.21,Axis,2025-07-31 07:16:10,2027-07-21 07:16:10
TXN000123,U00215,55984,12,8.03,Axis,2025-08-09 07:15:10,2026-08-04 07:15:10
TXN000124,U00215,127411,24,7.56,Yes Bank,2025-08-10 07:03:10,2027-07-31 07:03:10
TXN000125,U00215,212418,12,7.13,Kotak,2025-08-09 07:03:10,2026-08-04 07:03:10
TXN000126,U00215,66709,12,6.66,ICICI,2025-09-05 07:28:10,2026-08-31 07:28:10
TXN000127,U00227,122292,12,6.85,IDFC First,2025-07-06 05:05:12,2026-07-01 05:05:12
TXN000128,U00228,90335,12,6.9,IDFC First,2025-07-19 08:01:11,2026-07-14 08:01:11
TXN000129,U00233,58774,24,7.97,IndusInd,2025-07-18 18:10:25,2027-07-08 18:10:25
TXN000130,U00233,202952,24,6.74,SBI,2025-07-21 18:22:25,2027-07-11 18:22:25
TXN000131,U00233,113907,6,8.68,IndusInd,2025-08-05 18:27:25,2026-02-01 18:27:25
TXN000132,U00237,19334,12,8.48,IndusInd,2025-07-12 18:36:31,2026-07-07 18:36:31
TXN000133,U00240,42840,24,8.52,IndusInd,2025-07-16 05:01:47,2027-07-06 05:01:47
TXN000134,U00244,92401,24,7.15,ICICI,2025-07-15 06:21:51,2027-07-05 06:21:51
TXN000135,U00244,72655,6,8.06,IDFC First,2025-07-24 06:28:51,2026-01-20 06:28:51
TXN000136,U00252,46720,24,7.92,IDFC First,2025-07-11 04:37:02,2027-07-01 04:37:02
TXN000137,U00252,335171,6,7.21,Axis,2025-07-14 04:29:02,2026-01-10 04:29:02
TXN000138,U00252,113405,3,8.65,ICICI,2025-07-29 04:29:02,2025-10-27 04:29:02
TXN000139,U00252,109177,12,8.12,SBI,2025-07-29 04:31:02,2026-07-24 04:31:02
TXN000140,U00256,87505,24,7.13,Axis,2025-07-23 23:39:27,2027-07-13 23:39:27
TXN000141,U00263,107555,6,7.46,Axis,2025-07-23 19:28:47,2026-01-19 19:28:47
TXN000142,U00263,91619,24,7.36,SBI,2025-07-25 19:41:47,2027-07-15 19:41:47
TXN000143,U00269,80222,12,8.24,SBI,2025-07-10 20:17:50,2026-07-05 20:17:50
TXN000144,U00269,144671,12,8.11,Kotak,2025-07-16 20:13:50,2026-07-11 20:13:50
TXN000145,U00270,68734,24,8.26,HDFC,2025-07-25 05:33:58,2027-07-15 05:33:58
TXN000146,U00283,46790,24,7.22,ICICI,2025-07-02 04:38:53,2027-06-22 04:38:53
TXN000147,U00283,38842,12,8.51,SBI,2025-07-08 05:03:53,2026-07-03 05:03:53
TXN000148,U00285,73407,12,7.56,HDFC,2025-07-11 04:08:21,2026-07-06 04:08:21
TXN000149,U00285,35141,24,7.96,Yes Bank,2025-07-17 04:09:21,2027-07-07 04:09:21
TXN000150,U00288,144236,6,7.75,HDFC,2025-07-25 20:20:18,2026-01-21 20:20:18
TXN000151,U00288,89594,3,8.08,HDFC,2025-07-25 20:15:18,2025-10-23 20:15:18
TXN000152,U00290,151527,12,7.47,IndusInd,2025-07-10 22:41:22,2026-07-05 22:41:22
TXN000153,U00296,122857,24,7.84,ICICI,2025-07-11 08:23:59,2027-07-01 08:23:59
TXN000154,U00296,41153,12,6.95,SBI,2025-07-15 08:28:59,2026-07-10 08:28:59
TXN000155,U00300,209605,6,7.46,HDFC,2025-07-31 00:04:23,2026-01-27 00:04:23
TXN000156,U00300,84618,24,6.51,IDFC First,2025-08-08 23:46:23,2027-07-29 23:46:23
TXN000157,U00300,141291,12,8.55,IndusInd,2025-08-17 23:42:23,2026-08-12 23:42:23
TXN000158,U00302,67578,24,7.26,Yes Bank,2025-07-15 18:05:58,2027-07-05 18:05:58
TXN000159,U00302,24580,12,6.75,Yes Bank,2025-07-23 18:24:58,2026-07-18 18:24:58
TXN000160,U00308,53698,12,6.75,IDFC First,2025-07-17 06:02:08,2026-07-12 06:02:08
TXN000161,U00317,102954,12,8.89,Yes Bank,2025-07-10 00:17:48,2026-07-05 00:17:48
TXN000162,U00317,75541,6,8.93,IndusInd,2025-07-19 00:35:48,2026-01-15 00:35:48
TXN000163,U00323,76416,12,8.23,Yes Bank,2025-07-26 01:29:42,2026-07-21 01:29:42
TXN000164,U00323,79145,6,8.39,Axis,2025-07-30 01:16:42,2026-01-26 01:16:42
TXN000165,U00323,59654,24,8.1,IndusInd,2025-07-30 01:38:42,2027-07-20 01:38:42
TXN000166,U00325,71436,3,7.35,IDFC First,2025-07-21 22:10:56,2025-10-19 22:10:56
TXN000167,U00325,49344,6,8.24,ICICI,2025-07-29 22:05:56,2026-01-25 22:05:56
TXN000168,U00329,92152,3,8.64,ICICI,2025-07-28 08:02:22,2025-10-26 08:02:22
TXN000169,U00329,45717,36,7.74,Axis,2025-08-02 07:59:22,2028-07-17 07:59:22
TXN000170,U00330,89596,24,8.48,IDFC First,2025-07-06 21:21:22,2027-06-26 21:21:22
TXN000171,U00330,124684,24,7.49,HDFC,2025-07-12 21:35:22,2027-07-02 21:35:22
TXN000172,U00330,16601,12,8.77,Yes Bank,2025-07-10 21:31:22,2026-07-05 21:31:22
TXN000173,U00331,33373,12,8.36,Axis,2025-07-06 19:48:22,2026-07-01 19:48:22
TXN000174,U00334,56184,12,8.47,Kotak,2025-07-23 20:35:14,2026-07-18 20:35:14
TXN000175,U00334,77264,36,7.04,Axis,2025-07-29 20:42:14,2028-07-13 20:42:14
TXN000176,U00336,17180,12,7.85,ICICI,2025-07-28 22:44:08,2026-07-23 22:44:08
TXN000177,U00336,40638,12,8.95,Yes Bank,2025-08-01 22:30:08,2026-07-27 22:30:08
TXN000178,U00341,60547,6,7.84,SBI,2025-07-13 19:58:58,2026-01-09 19:58:58
TXN000179,U00341,130006,12,7.39,HDFC,2025-07-15 19:49:58,2026-07-10 19:49:58
TXN000180,U00341,171711,12,7.67,SBI,2025-07-21 19:53:58,2026-07-16 19:53:58
TXN000181,U00345,23066,12,7.44,Axis,2025-07-25 00:16:08,2026-07-20 00:16:08
TXN000182,U00345,56516,24,6.68,ICICI,2025-07-27 00:04:08,2027-07-17 00:04:08
TXN000183,U00345,30513,12,8.29,SBI,2025-08-12 00:04:08,2026-08-07 00:04:08
TXN000184,U00345,35414,24,7.39,ICICI,2025-07-28 00:12:08,2027-07-18 00:12:08
TXN000185,U00351,455847,12,6.98,IndusInd,2025-07-15 20:11:17,2026-07-10 20:11:17
TXN000186,U00351,48351,6,8.08,HDFC,2025-07-19 20:07:17,2026-01-15 20:07:17
TXN000187,U00354,172816,12,6.51,ICICI,2025-07-09 06:12:16,2026-07-04 06:12:16
TXN000188,U00354,54829,12,8.57,Kotak,2025-07-10 06:05:16,2026-07-05 06:05:16
TXN000189,U00360,116086,24,8.49,SBI,2025-07-26 06:56:58,2027-07-16 06:56:58
TXN000190,U00360,261889,12,8.19,SBI,2025-07-29 06:52:58,2026-07-24 06:52:58
TXN000191,U00376,40523,12,7.28,SBI,2025-07-31 06:11:46,2026-07-26 06:11:46
TXN000192,U00376,136119,12,7.84,ICICI,2025-08-08 06:32:46,2026-08-03 06:32:46
TXN000193,U00377,173742,24,7.06,IDFC First,2025-07-30 04:47:34,2027-07-20 04:47:34
TXN000194,U00377,184804,24,7.99,SBI,2025-08-07 04:51:34,2027-07-28 04:51:34
TXN000195,U00377,104677,6,8.16,Yes Bank,2025-08-01 05:02:34,2026-01-28 05:02:34
TXN000196,U00378,43299,6,8.82,Axis,2025-07-06 04:32:39,2026-01-02 04:32:39
TXN000197,U00380,124790,36,8.24,Axis,2025-07-17 18:56:32,2028-07-01 18:56:32
TXN000198,U00383,149314,36,8.78,SBI,2025-07-07 21:31:29,2028-06-21 21:31:29
TXN000199,U00383,45732,24,7.14,ICICI,2025-07-08 21:37:29,2027-06-28 21:37:29
TXN000200,U00383,229656,12,7.54,Kotak,2025-07-09 21:17:29,2026-07-04 21:17:29
TXN000201,U00387,94160,3,8.9,IndusInd,2025-07-07 17:43:04,2025-10-05 17:43:04
TXN000202,U00387,74722,24,8.02,IDFC First,2025-07-10 17:48:04,2027-06-30 17:48:04
TXN000203,U00387,147018,24,8.05,Yes Bank,2025-07-25 17:51:04,2027-07-15 17:51:04
TXN000204,U00387,73211,24,7.26,HDFC,2025-07-19 17:48:04,2027-07-09 17:48:04
TXN000205,U00387,76899,12,8.29,HDFC,2025-08-12 17:33:04,2026-08-07 17:33:04
TXN000206,U00392,55115,24,8.52,SBI,2025-07-18 21:18:34,2027-07-08 21:18:34
TXN000207,U00392,60603,24,7.59,ICICI,2025-07-26 21:29:34,2027-07-16 21:29:34
TXN000208,U00407,262202,3,6.77,Kotak,2025-07-22 21:37:10,2025-10-20 21:37:10
TXN000209,U00407,99013,12,7.73,IndusInd,2025-07-27 21:18:10,2026-07-22 21:18:10
TXN000210,U00407,126200,24,8.24,ICICI,2025-07-24 21:16:10,2027-07-14 21:16:10
TXN000211,U00407,169593,24,8.29,HDFC,2025-08-03 21:27:10,2027-07-24 21:27:10
TXN000212,U00411,46813,12,8.29,HDFC,2025-07-09 05:44:08,2026-07-04 05:44:08
TXN000213,U00426,51942,36,6.64,Kotak,2025-07-11 18:54:46,2028-06-25 18:54:46
TXN000214,U00429,97136,12,8.63,HDFC,2025-07-24 20:27:07,2026-07-19 20:27:07
TXN000215,U00429,75396,12,7.86,HDFC,2025-07-30 20:17:07,2026-07-25 20:17:07
TXN000216,U00431,69531,12,6.59,Yes Bank,2025-07-24 05:20:29,2026-07-19 05:20:29
TXN000217,U00435,53852,6,8.97,Yes Bank,2025-07-07 22:25:16,2026-01-03 22:25:16
TXN000218,U00435,56760,12,8.91,Axis,2025-07-15 22:44:16,2026-07-10 22:44:16
TXN000219,U00435,81315,6,6.64,SBI,2025-07-25 22:24:16,2026-01-21 22:24:16
TXN000220,U00436,68904,12,9.0,IndusInd,2025-07-04 18:01:36,2026-06-29 18:01:36
TXN000221,U00438,144985,6,7.23,HDFC,2025-07-21 05:26:16,2026-01-17 05:26:16
TXN000222,U00440,66193,3,7.73,IndusInd,2025-07-05 21:03:03,2025-10-03 21:03:03
TXN000223,U00440,121212,12,6.61,IndusInd,2025-07-12 20:47:03,2026-07-07 20:47:03
TXN000224,U00440,60218,12,7.23,Kotak,2025-07-15 20:56:03,2026-07-10 20:56:03
TXN000225,U00451,115518,3,7.49,Axis,2025-07-24 19:26:33,2025-10-22 19:26:33
TXN000226,U00451,44613,12,7.53,Yes Bank,2025-08-01 19:23:33,2026-07-27 19:23:33
TXN000227,U00455,50782,6,6.53,Axis,2025-07-13 01:49:17,2026-01-09 01:49:17
TXN000228,U00455,86348,12,7.32,SBI,2025-07-15 01:36:17,2026-07-10 01:36:17
TXN000229,U00455,40704,12,8.21,Yes Bank,2025-07-17 01:40:17,2026-07-12 01:40:17
TXN000230,U00455,79117,24,8.72,IDFC First,2025-07-25 01:32:17,2027-07-15 01:32:17
TXN000231,U00455,89326,12,7.85,ICICI,2025-08-02 01:51:17,2026-07-28 01:51:17
TXN000232,U00466,70938,12,8.19,Axis,2025-07-23 05:54:13,2026-07-18 05:54:13
TXN000233,U00466,75972,12,7.82,SBI,2025-07-29 06:00:13,2026-07-24 06:00:13
TXN000234,U00466,84176,6,7.98,Kotak,2025-07-31 05:37:13,2026-01-27 05:37:13
TXN000235,U00469,303934,12,7.6,HDFC,2025-07-29 00:49:07,2026-07-24 00:49:07
TXN000236,U00469,280770,6,6.95,HDFC,2025-08-04 00:22:07,2026-01-31 00:22:07
TXN000237,U00469,181524,6,7.43,Kotak,2025-08-16 00:35:07,2026-02-12 00:35:07
TXN000238,U00477,72317,3,7.12,HDFC,2025-07-13 20:49:55,2025-10-11 20:49:55
TXN000239,U00478,44121,24,7.44,HDFC,2025-07-29 22:45:38,2027-07-19 22:45:38
TXN000240,U00483,119402,24,7.05,Kotak,2025-07-30 20:50:57,2027-07-20 20:50:57
TXN000241,U00483,200514,12,7.21,Yes Bank,2025-08-03 20:27:57,2026-07-29 20:27:57
TXN000242,U00483,104973,12,6.74,Axis,2025-08-01 20:53:57,2026-07-27 20:53:57
TXN000243,U00483,38061,6,7.16,Kotak,2025-08-02 20:31:57,2026-01-29 20:31:57
TXN000244,U00485,53856,3,8.37,HDFC,2025-07-03 00:11:27,2025-10-01 00:11:27
TXN000245,U00485,81447,12,8.6,HDFC,2025-07-06 00:05:27,2026-07-01 00:05:27
TXN000246,U00485,16541,24,8.84,IDFC First,2025-07-21 00:05:27,2027-07-11 00:05:27
TXN000247,U00486,98431,12,8.3,Axis,2025-07-06 19:10:55,2026-07-01 19:10:55
TXN000248,U00486,190811,36,7.51,IDFC First,2025-07-12 19:18:55,2028-06-26 19:18:55
TXN000249,U00487,82466,12,6.79,Axis,2025-07-07 06:39:18,2026-07-02 06:39:18
TXN000250,U00487,118302,36,6.98,IDFC First,2025-07-10 06:25:18,2028-06-24 06:25:18
TXN000251,U00487,77781,12,8.44,Kotak,2025-07-09 06:24:18,2026-07-04 06:24:18
TXN000252,U00487,153492,6,6.65,Kotak,2025-07-28 06:48:18,2026-01-24 06:48:18
TXN000253,U00496,113592,12,7.45,Yes Bank,2025-07-05 20:26:45,2026-06-30 20:26:45
TXN000254,U00496,60332,12,8.27,Yes Bank,2025-07-13 20:13:45,2026-07-08 20:13:45
TXN000255,U00498,70920,24,8.84,SBI,2025-07-03 18:47:15,2027-06-23 18:47:15
TXN000256,U00498,173997,24,6.69,Yes Bank,2025-07-05 18:26:15,2027-06-25 18:26:15
TXN000257,U00498,32992,12,8.73,IDFC First,2025-07-03 18:44:15,2026-06-28 18:44:15
TXN000258,U00498,180905,12,8.88,Yes Bank,2025-07-15 18:52:15,2026-07-10 18:52:15
TXN000259,U00503,46103,3,8.13,ICICI,2025-07-10 05:25:01,2025-10-08 05:25:01
TXN000260,U00503,136303,12,7.85,Kotak,2025-07-15 05:35:01,2026-07-10 05:35:01
TXN000261,U00505,39736,12,7.4,IndusInd,2025-07-09 00:02:32,2026-07-04 00:02:32
TXN000262,U00505,318631,6,8.47,ICICI,2025-07-16 00:21:32,2026-01-12 00:21:32
TXN000263,U00511,71654,3,7.91,Yes Bank,2025-07-29 02:06:10,2025-10-27 02:06:10
TXN000264,U00512,43785,36,7.37,Kotak,2025-07-09 18:35:25,2028-06-23 18:35:25
TXN000265,U00512,182600,6,7.15,IndusInd,2025-07-15 18:22:25,2026-01-11 18:22:25
TXN000266,U00512,105705,3,7.33,Yes Bank,2025-07-11 18:12:25,2025-10-09 18:12:25
TXN000267,U00512,191095,24,8.67,Kotak,2025-07-15 18:30:25,2027-07-05 18:30:25
TXN000268,U00515,28238,24,6.94,IndusInd,2025-07-11 04:52:48,2027-07-01 04:52:48
TXN000269,U00515,52923,24,8.33,Axis,2025-07-20 05:01:48,2027-07-10 05:01:48
TXN000270,U00515,21501,36,8.76,Axis,2025-07-17 04:51:48,2028-07-01 04:51:48
TXN000271,U00515,29246,6,8.99,IndusInd,2025-07-26 05:01:48,2026-01-22 05:01:48
TXN000272,U00521,162831,12,8.73,Kotak,2025-07-01 20:42:09,2026-06-26 20:42:09
TXN000273,U00523,189531,6,7.71,Axis,2025-07-02 04:48:59,2025-12-29 04:48:59
TXN000274,U00523,384610,6,6.55,Axis,2025-07-07 04:37:59,2026-01-03 04:37:59
TXN000275,U00524,80116,36,8.99,ICICI,2025-07-02 07:00:13,2028-06-16 07:00:13
TXN000276,U00524,57207,12,7.23,ICICI,2025-07-06 07:01:13,2026-07-01 07:01:13
TXN000277,U00525,67948,6,8.03,Kotak,2025-07-26 06:37:33,2026-01-22 06:37:33
TXN000278,U00528,22417,24,8.14,ICICI,2025-07-02 05:32:02,2027-06-22 05:32:02
TXN000279,U00538,126485,24,6.51,SBI,2025-07-27 18:55:15,2027-07-17 18:55:15
TXN000280,U00545,66639,12,8.82,IndusInd,2025-07-19 04:53:55,2026-07-14 04:53:55
TXN000281,U00545,101455,6,6.69,ICICI,2025-07-27 04:53:55,2026-01-23 04:53:55
TXN000282,U00557,29019,36,7.24,SBI,2025-07-25 05:20:05,2028-07-09 05:20:05
TXN000283,U00557,109617,6,6.93,IDFC First,2025-07-26 05:15:05,2026-01-22 05:15:05
TXN000284,U00557,88332,12,7.75,SBI,2025-08-12 05:24:05,2026-08-07 05:24:05
TXN000285,U00557,20011,3,7.7,IDFC First,2025-08-06 05:12:05,2025-11-04 05:12:05
TXN000286,U00558,57934,12,7.86,HDFC,2025-07-11 21:38:48,2026-07-06 21:38:48
TXN000287,U00558,43716,24,8.85,Axis,2025-07-19 21:34:48,2027-07-09 21:34:48
TXN000288,U00566,34166,12,8.82,ICICI,2025-07-15 05:25:59,2026-07-10 05:25:59
TXN000289,U00566,48500,24,8.86,SBI,2025-07-23 05:39:59,2027-07-13 05:39:59
TXN000290,U00569,139319,12,6.98,IndusInd,2025-07-15 04:40:29,2026-07-10 04:40:29
TXN000291,U00569,50609,12,7.79,IndusInd,2025-07-23 05:03:29,2026-07-18 05:03:29
TXN000292,U00569,215498,24,8.12,Yes Bank,2025-07-29 04:48:29,2027-07-19 04:48:29
TXN000293,U00569,119078,36,6.56,HDFC,2025-08-11 04:45:29,2028-07-26 04:45:29
TXN000294,U00576,99966,12,7.96,Kotak,2025-07-14 06:13:35,2026-07-09 06:13:35
TXN000295,U00580,85821,24,6.81,HDFC,2025-07-11 02:37:47,2027-07-01 02:37:47
TXN000296,U00583,141463,12,7.83,IndusInd,2025-07-22 01:15:08,2026-07-17 01:15:08
TXN000297,U00588,51331,6,7.91,Yes Bank,2025-07-10 06:12:02,2026-01-06 06:12:02
TXN000298,U00588,38121,36,8.61,SBI,2025-07-12 05:57:02,2028-06-26 05:57:02
TXN000299,U00590,92509,24,8.65,SBI,2025-07-27 20:24:14,2027-07-17 20:24:14
TXN000300,U00590,47607,12,8.15,Axis,2025-07-30 20:38:14,2026-07-25 20:38:14
TXN000301,U00590,33947,12,7.97,HDFC,2025-08-08 20:48:14,2026-08-03 20:48:14
TXN000302,U00590,125933,24,7.08,Axis,2025-08-20 20:35:14,2027-08-10 20:35:14
TXN000303,U00593,52096,36,7.2,ICICI,2025-07-21 19:21:39,2028-07-05 19:21:39
TXN000304,U00593,80220,24,7.93,Axis,2025-07-30 19:26:39,2027-07-20 19:26:39
TXN000305,U00600,93530,12,7.5,IDFC First,2025-07-06 21:49:00,2026-07-01 21:49:00
TXN000306,U00600,69707,12,6.87,IDFC First,2025-07-11 21:40:00,2026-07-06 21:40:00
TXN000307,U00600,94949,36,8.05,Kotak,2025-07-12 21:49:00,2028-06-26 21:49:00
TXN000308,U00602,81953,12,8.05,IndusInd,2025-07-13 23:12:21,2026-07-08 23:12:21
TXN000309,U00602,52027,24,6.76,IndusInd,2025-07-15 23:11:21,2027-07-05 23:11:21
TXN000310,U00615,54307,12,8.86,IndusInd,2025-07-15 20:42:30,2026-07-10 20:42:30
TXN000311,U00615,114801,6,8.28,SBI,2025-07-18 20:21:30,2026-01-14 20:21:30
TXN000312,U00615,23257,3,7.54,Kotak,2025-07-25 20:32:30,2025-10-23 20:32:30
TXN000313,U00615,121191,3,8.65,HDFC,2025-07-21 20:35:30,2025-10-19 20:35:30
TXN000314,U00615,57044,6,8.92,Yes Bank,2025-08-04 20:41:30,2026-01-31 20:41:30
TXN000315,U00616,152556,24,6.63,Kotak,2025-07-07 04:18:11,2027-06-27 04:18:11
TXN000316,U00616,111606,12,8.7,HDFC,2025-07-11 03:58:11,2026-07-06 03:58:11
TXN000317,U00623,40863,6,7.8,ICICI,2025-07-06 03:18:23,2026-01-02 03:18:23
TXN000318,U00625,73324,24,6.85,HDFC,2025-07-29 04:02:04,2027-07-19 04:02:04
TXN000319,U00625,117099,6,7.16,Yes Bank,2025-07-29 04:01:04,2026-01-25 04:01:04
TXN000320,U00630,78210,6,8.96,IndusInd,2025-07-10 04:37:42,2026-01-06 04:37:42
TXN000321,U00630,393087,12,6.85,IDFC First,2025-07-19 04:43:42,2026-07-14 04:43:42
TXN000322,U00630,312084,12,8.02,Yes Bank,2025-07-10 04:38:42,2026-07-05 04:38:42
TXN000323,U00639,81256,6,8.98,Yes Bank,2025-07-21 05:57:22,2026-01-17 05:57:22
TXN000324,U00644,22183,36,6.81,Axis,2025-07-27 21:15:34,2028-07-11 21:15:34
TXN000325,U00645,72738,12,7.98,HDFC,2025-07-06 03:13:06,2026-07-01 03:13:06
TXN000326,U00646,192166,24,8.12,IDFC First,2025-07-26 23:28:09,2027-07-16 23:28:09
TXN000327,U00651,61379,12,8.47,Yes Bank,2025-07-21 03:32:10,2026-07-16 03:32:10
TXN000328,U00654,177208,6,6.93,SBI,2025-07-14 03:28:19,2026-01-10 03:28:19
TXN000329,U00654,70482,6,8.74,IDFC First,2025-07-19 03:29:19,2026-01-15 03:29:19
TXN000330,U00654,47142,6,7.52,Kotak,2025-07-20 03:34:19,2026-01-16 03:34:19
TXN000331,U00654,55457,12,8.68,SBI,2025-07-17 03:33:19,2026-07-12 03:33:19
TXN000332,U00656,93980,12,7.76,IDFC First,2025-07-30 20:24:21,2026-07-25 20:24:21
TXN000333,U00656,57647,36,8.55,Axis,2025-08-08 20:23:21,2028-07-23 20:23:21
TXN000334,U00657,75080,12,6.95,SBI,2025-07-24 01:21:01,2026-07-19 01:21:01
TXN000335,U00666,133878,6,7.22,Kotak,2025-07-09 04:59:19,2026-01-05 04:59:19
TXN000336,U00666,109979,3,7.14,Kotak,2025-07-16 05:06:19,2025-10-14 05:06:19
TXN000337,U00666,139673,24,7.24,Kotak,2025-07-09 04:52:19,2027-06-29 04:52:19
TXN000338,U00671,63053,6,7.27,ICICI,2025-07-07 05:23:19,2026-01-03 05:23:19
TXN000339,U00680,159402,12,7.82,IndusInd,2025-07-28 17:51:09,2026-07-23 17:51:09
TXN000340,U00680,122626,12,7.71,SBI,2025-07-31 17:40:09,2026-07-26 17:40:09
TXN000341,U00680,163391,24,6.57,Yes Bank,2025-08-09 17:31:09,2027-07-30 17:31:09
TXN000342,U00680,41395,12,8.41,IDFC First,2025-08-18 17:48:09,2026-08-13 17:48:09
TXN000343,U00680,146715,12,8.64,Kotak,2025-08-21 17:41:09,2026-08-16 17:41:09
TXN000344,U00682,76973,6,8.4,SBI,2025-07-22 17:40:14,2026-01-18 17:40:14
TXN000345,U00695,32394,6,8.1,Kotak,2025-07-05 02:11:13,2026-01-01 02:11:13
TXN000346,U00695,52057,3,6.92,Yes Bank,2025-07-14 02:06:13,2025-10-12 02:06:13
TXN000347,U00697,63376,24,6.69,SBI,2025-07-23 00:34:54,2027-07-13 00:34:54
TXN000348,U00702,51516,3,7.52,Axis,2025-07-08 08:15:17,2025-10-06 08:15:17
TXN000349,U00702,109678,12,6.66,ICICI,2025-07-10 07:53:17,2026-07-05 07:53:17
TXN000350,U00703,132371,3,7.1,ICICI,2025-07-06 22:17:25,2025-10-04 22:17:25
TXN000351,U00704,81257,36,8.52,ICICI,2025-07-04 23:10:35,2028-06-18 23:10:35
TXN000352,U00704,97488,24,7.44,Kotak,2025-07-09 23:12:35,2027-06-29 23:12:35
TXN000353,U00705,99624,12,8.7,Axis,2025-07-23 17:28:59,2026-07-18 17:28:59
TXN000354,U00705,111483,6,7.91,SBI,2025-08-01 17:38:59,2026-01-28 17:38:59
TXN000355,U00705,137925,6,8.82,SBI,2025-07-23 17:23:59,2026-01-19 17:23:59
TXN000356,U00706,125053,24,7.27,Kotak,2025-07-17 22:40:22,2027-07-07 22:40:22
TXN000357,U00706,37273,12,8.59,Kotak,2025-07-21 22:49:22,2026-07-16 22:49:22
TXN000358,U00706,71697,6,8.57,SBI,2025-07-29 22:39:22,2026-01-25 22:39:22
TXN000359,U00715,32365,3,7.01,Yes Bank,2025-07-15 00:16:11,2025-10-13 00:16:11
TXN000360,U00719,133636,36,8.36,Yes Bank,2025-07-02 07:50:33,2028-06-16 07:50:33
TXN000361,U00719,28573,12,6.89,Yes Bank,2025-07-02 08:00:33,2026-06-27 08:00:33
TXN000362,U00719,47342,12,7.63,HDFC,2025-07-14 08:04:33,2026-07-09 08:04:33
TXN000363,U00726,141862,36,7.71,IDFC First,2025-07-16 00:12:17,2028-06-30 00:12:17
TXN000364,U00727,87670,6,6.89,HDFC,2025-07-27 03:27:25,2026-01-23 03:27:25
TXN000365,U00727,29624,3,8.81,IndusInd,2025-07-28 03:44:25,2025-10-26 03:44:25
TXN000366,U00728,115567,6,7.08,Kotak,2025-07-08 21:28:44,2026-01-04 21:28:44
TXN000367,U00730,64812,6,8.33,ICICI,2025-07-18 19:43:42,2026-01-14 19:43:42
TXN000368,U00730,22489,24,7.79,HDFC,2025-07-22 19:55:42,2027-07-12 19:55:42
TXN000369,U00736,25694,6,7.09,SBI,2025-07-29 00:41:36,2026-01-25 00:41:36
TXN000370,U00736,219438,6,7.52,IDFC First,2025-08-07 00:38:36,2026-02-03 00:38:36
TXN000371,U00736,30819,24,6.59,Kotak,2025-07-29 00:17:36,2027-07-19 00:17:36
TXN000372,U00737,41586,6,7.47,ICICI,2025-07-29 04:55:45,2026-01-25 04:55:45
TXN000373,U00737,140481,24,7.34,Axis,2025-08-03 05:01:45,2027-07-24 05:01:45
TXN000374,U00740,83207,6,7.17,SBI,2025-07-17 00:26:11,2026-01-13 00:26:11
TXN000375,U00741,121056,12,7.38,SBI,2025-07-31 01:50:10,2026-07-26 01:50:10
TXN000376,U00743,52964,6,7.06,HDFC,2025-07-03 06:01:57,2025-12-30 06:01:57
TXN000377,U00743,29795,24,8.66,SBI,2025-07-03 05:59:57,2027-06-23 05:59:57
TXN000378,U00743,50463,12,6.63,Axis,2025-07-15 05:57:57,2026-07-10 05:57:57
TXN000379,U00743,192004,36,7.25,Axis,2025-07-30 06:07:57,2028-07-14 06:07:57
TXN000380,U00748,65735,24,8.77,Kotak,2025-07-14 04:57:21,2027-07-04 04:57:21
TXN000381,U00753,106169,36,7.11,Kotak,2025-07-31 00:59:17,2028-07-15 00:59:17
TXN000382,U00771,94028,12,8.6,IndusInd,2025-07-18 23:04:00,2026-07-13 23:04:00
TXN000383,U00771,29276,36,7.34,IndusInd,2025-07-20 23:07:00,2028-07-04 23:07:00
TXN000384,U00777,14004,12,6.89,HDFC,2025-07-12 20:38:56,2026-07-07 20:38:56
TXN000385,U00781,83383,12,7.47,ICICI,2025-07-28 19:52:03,2026-07-23 19:52:03
TXN000386,U00781,154449,6,7.03,Yes Bank,2025-08-01 19:55:03,2026-01-28 19:55:03
TXN000387,U00781,71121,12,7.44,IDFC First,2025-08-05 19:56:03,2026-07-31 19:56:03
TXN000388,U00784,539696,36,8.64,HDFC,2025-08-03 01:33:49,2028-07-18 01:33:49
TXN000389,U00784,27368,12,7.94,Axis,2025-08-04 01:25:49,2026-07-30 01:25:49
TXN000390,U00787,108994,12,7.54,Axis,2025-07-08 07:30:08,2026-07-03 07:30:08
TXN000391,U00787,65184,12,8.78,Kotak,2025-07-08 07:40:08,2026-07-03 07:40:08
TXN000392,U00787,302789,12,7.65,Axis,2025-07-14 07:19:08,2026-07-09 07:19:08
TXN000393,U00787,206679,12,8.2,Kotak,2025-08-01 07:27:08,2026-07-27 07:27:08
TXN000394,U00787,72091,12,6.83,Yes Bank,2025-07-12 07:35:08,2026-07-07 07:35:08
TXN000395,U00789,62053,24,7.77,ICICI,2025-07-19 06:58:14,2027-07-09 06:58:14
TXN000396,U00789,38643,6,6.96,Axis,2025-07-23 07:02:14,2026-01-19 07:02:14
TXN000397,U00793,161425,36,8.79,Kotak,2025-07-12 21:13:29,2028-06-26 21:13:29
TXN000398,U00804,72445,6,7.65,SBI,2025-07-04 20:08:54,2025-12-31 20:08:54
TXN000399,U00804,439267,6,7.81,Yes Bank,2025-07-04 20:00:54,2025-12-31 20:00:54
TXN000400,U00804,102709,12,7.49,IndusInd,2025-07-08 20:15:54,2026-07-03 20:15:54
TXN000401,U00804,270379,12,7.04,IDFC First,2025-07-25 20:18:54,2026-07-20 20:18:54
TXN000402,U00804,110372,12,7.73,ICICI,2025-07-20 20:20:54,2026-07-15 20:20:54
TXN000403,U00807,27024,24,6.85,SBI,2025-07-28 23:42:23,2027-07-18 23:42:23
TXN000404,U00810,141287,12,6.57,ICICI,2025-07-31 19:21:33,2026-07-26 19:21:33
TXN000405,U00812,71971,6,7.51,IndusInd,2025-07-04 20:52:08,2025-12-31 20:52:08
TXN000406,U00812,69525,6,6.94,Kotak,2025-07-06 20:50:08,2026-01-02 20:50:08
TXN000407,U00813,205139,6,8.73,IndusInd,2025-07-22 00:48:18,2026-01-18 00:48:18
TXN000408,U00813,81615,36,8.66,SBI,2025-07-29 01:09:18,2028-07-13 01:09:18
TXN000409,U00814,48003,24,7.77,IDFC First,2025-07-10 05:27:01,2027-06-30 05:27:01
TXN000410,U00814,53377,12,8.58,Axis,2025-07-12 05:04:01,2026-07-07 05:04:01
TXN000411,U00818,93003,12,8.69,IDFC First,2025-07-10 21:09:21,2026-07-05 21:09:21
TXN000412,U00822,99291,24,8.08,HDFC,2025-07-15 04:27:27,2027-07-05 04:27:27
TXN000413,U00841,41687,12,7.03,ICICI,2025-07-27 05:26:54,2026-07-22 05:26:54
TXN000414,U00841,138806,36,7.2,IndusInd,2025-07-29 05:25:54,2028-07-13 05:25:54
TXN000415,U00849,61355,24,7.59,Axis,2025-07-21 00:30:01,2027-07-11 00:30:01
TXN000416,U00849,30179,12,8.84,ICICI,2025-07-25 00:41:01,2026-07-20 00:41:01
TXN000417,U00857,140110,12,7.81,Axis,2025-07-13 04:21:05,2026-07-08 04:21:05
TXN000418,U00858,44340,6,8.07,SBI,2025-07-08 21:49:08,2026-01-04 21:49:08
TXN000419,U00858,95585,12,8.85,IndusInd,2025-07-17 21:40:08,2026-07-12 21:40:08
TXN000420,U00863,93756,6,6.72,HDFC,2025-07-29 21:53:00,2026-01-25 21:53:00
TXN000421,U00863,30352,24,8.02,HDFC,2025-08-03 21:44:00,2027-07-24 21:44:00
TXN000422,U00863,43547,6,8.35,IndusInd,2025-08-14 21:49:00,2026-02-10 21:49:00
TXN000423,U00869,72901,24,8.28,SBI,2025-07-25 19:35:29,2027-07-15 19:35:29
TXN000424,U00869,74869,12,7.37,Axis,2025-07-28 19:35:29,2026-07-23 19:35:29
TXN000425,U00869,59239,12,6.83,IndusInd,2025-08-02 19:51:29,2026-07-28 19:51:29
TXN000426,U00869,98476,12,6.72,HDFC,2025-08-12 19:54:29,2026-08-07 19:54:29
TXN000427,U00872,42059,12,8.37,ICICI,2025-07-22 06:40:01,2026-07-17 06:40:01
TXN000428,U00872,35877,6,8.92,Kotak,2025-07-28 06:37:01,2026-01-24 06:37:01
TXN000429,U00872,101710,12,8.47,SBI,2025-07-30 06:31:01,2026-07-25 06:31:01
TXN000430,U00879,261640,12,7.54,IndusInd,2025-07-18 23:47:11,2026-07-13 23:47:11
TXN000431,U00883,82718,24,8.1,IndusInd,2025-08-01 06:19:06,2027-07-22 06:19:06
TXN000432,U00886,45433,6,8.98,ICICI,2025-07-16 04:30:06,2026-01-12 04:30:06
TXN000433,U00886,154868,24,7.68,ICICI,2025-07-25 04:24:06,2027-07-15 04:24:06
TXN000434,U00886,84624,36,6.73,IndusInd,2025-07-24 04:03:06,2028-07-08 04:03:06
TXN000435,U00893,88849,12,6.81,IndusInd,2025-07-13 18:48:00,2026-07-08 18:48:00
TXN000436,U00895,56287,12,7.27,IndusInd,2025-07-28 20:39:20,2026-07-23 20:39:20
TXN000437,U00898,215836,12,7.96,Kotak,2025-07-22 06:03:00,2026-07-17 06:03:00
TXN000438,U00902,36416,6,6.76,HDFC,2025-07-20 06:14:27,2026-01-16 06:14:27
TXN000439,U00911,123079,24,7.66,IndusInd,2025-07-31 05:28:35,2027-07-21 05:28:35
TXN000440,U00911,143392,24,7.3,Yes Bank,2025-08-07 05:34:35,2027-07-28 05:34:35
TXN000441,U00913,57596,12,8.75,IDFC First,2025-07-26 17:30:18,2026-07-21 17:30:18
TXN000442,U00914,70421,12,7.18,SBI,2025-07-30 19:55:05,2026-07-25 19:55:05
TXN000443,U00914,41712,12,7.73,SBI,2025-08-02 19:42:05,2026-07-28 19:42:05
TXN000444,U00917,55729,24,8.34,Kotak,2025-07-19 00:47:19,2027-07-09 00:47:19
TXN000445,U00917,180504,6,7.13,Yes Bank,2025-07-27 00:36:19,2026-01-23 00:36:19
TXN000446,U00917,27627,36,7.58,IndusInd,2025-08-06 00:47:19,2028-07-21 00:47:19
TXN000447,U00918,85346,12,8.02,Yes Bank,2025-07-10 19:33:56,2026-07-05 19:33:56
TXN000448,U00918,154683,12,8.06,IndusInd,2025-07-16 19:26:56,2026-07-11 19:26:56
TXN000449,U00918,52638,12,8.17,Yes Bank,2025-07-26 19:30:56,2026-07-21 19:30:56
TXN000450,U00924,115488,12,6.74,SBI,2025-07-13 07:22:52,2026-07-08 07:22:52
TXN000451,U00924,160122,6,6.97,Kotak,2025-07-18 07:24:52,2026-01-14 07:24:52
TXN000452,U00924,46393,24,6.56,HDFC,2025-07-31 07:20:52,2027-07-21 07:20:52
TXN000453,U00933,164931,12,7.16,IDFC First,2025-07-25 08:05:02,2026-07-20 08:05:02
TXN000454,U00937,26504,12,7.91,Axis,2025-07-30 00:02:09,2026-07-25 00:02:09
TXN000455,U00937,113282,36,6.67,ICICI,2025-07-31 00:24:09,2028-07-15 00:24:09
TXN000456,U00944,82864,12,8.9,IDFC First,2025-07-09 19:22:18,2026-07-04 19:22:18
TXN000457,U00945,77653,6,8.67,Axis,2025-07-03 04:14:41,2025-12-30 04:14:41
TXN000458,U00948,73922,6,7.15,Kotak,2025-07-07 20:01:56,2026-01-03 20:01:56
TXN000459,U00950,72542,6,8.2,Kotak,2025-07-20 18:20:21,2026-01-16 18:20:21
TXN000460,U00953,31311,12,8.0,SBI,2025-07-17 20:08:23,2026-07-12 20:08:23
TXN000461,U00959,40525,36,6.93,Kotak,2025-07-04 04:19:08,2028-06-18 04:19:08
TXN000462,U00959,63076,12,8.97,Yes Bank,2025-07-05 04:34:08,2026-06-30 04:34:08
TXN000463,U00965,28746,6,7.61,IndusInd,2025-07-11 08:40:49,2026-01-07 08:40:49
TXN000464,U00965,64358,6,7.66,IDFC First,2025-07-20 08:29:49,2026-01-16 08:29:49
TXN000465,U00969,143392,12,7.37,ICICI,2025-07-15 22:11:04,2026-07-10 22:11:04
TXN000466,U00971,109225,6,8.78,HDFC,2025-07-03 06:35:39,2025-12-30 06:35:39
TXN000467,U00971,82909,12,8.34,ICICI,2025-07-04 06:48:39,2026-06-29 06:48:39
TXN000468,U00971,102483,12,6.53,Kotak,2025-07-09 06:52:39,2026-07-04 06:52:39
TXN000469,U00971,86347,24,8.08,IndusInd,2025-07-12 06:43:39,2027-07-02 06:43:39
TXN000470,U00971,64559,24,7.06,ICICI,2025-07-07 06:39:39,2027-06-27 06:39:39
TXN000471,U00986,42806,12,8.42,IndusInd,2025-07-16 02:44:53,2026-07-11 02:44:53
TXN000472,U00986,96603,36,7.26,ICICI,2025-07-22 03:01:53,2028-07-06 03:01:53
TXN000473,U00992,51801,6,8.43,Yes Bank,2025-07-22 04:45:27,2026-01-18 04:45:27
TXN000474,U00992,82335,12,7.4,Kotak,2025-07-26 04:42:27,2026-07-21 04:42:27
TXN000475,U01000,223003,6,7.53,SBI,2025-07-28 19:15:04,2026-01-24 19:15:04
TXN000476,U01000,108931,12,6.55,Kotak,2025-07-29 19:13:04,2026-07-24 19:13:04
TXN000477,U01000,86543,6,8.2,HDFC,2025-08-07 19:19:04,2026-02-03 19:19:04
TXN000478,U01000,159181,3,7.61,IndusInd,2025-08-09 19:15:04,2025-11-07 19:15:04
TXN000479,U01002,28784,12,7.02,Axis,2025-07-30 22:29:24,2026-07-25 22:29:24
TXN000480,U01002,77735,12,8.28,Kotak,2025-08-01 22:11:24,2026-07-27 22:11:24
TXN000481,U01003,65620,12,6.98,Kotak,2025-07-20 22:14:01,2026-07-15 22:14:01
TXN000482,U01003,51369,3,8.7,Axis,2025-07-23 22:21:01,2025-10-21 22:21:01
TXN000483,U01003,36465,36,7.99,ICICI,2025-07-24 22:19:01,2028-07-08 22:19:01
TXN000484,U01005,80853,24,7.87,IndusInd,2025-07-25 00:59:11,2027-07-15 00:59:11
TXN000485,U01006,74671,3,8.3,SBI,2025-07-27 07:13:01,2025-10-25 07:13:01
TXN000486,U01014,199513,24,6.56,Kotak,2025-07-17 19:46:36,2027-07-07 19:46:36
TXN000487,U01014,94034,12,7.48,IDFC First,2025-07-24 19:49:36,2026-07-19 19:49:36
TXN000488,U01014,57094,36,8.62,SBI,2025-07-19 19:57:36,2028-07-03 19:57:36
TXN000489,U01014,173190,24,8.49,HDFC,2025-08-10 19:48:36,2027-07-31 19:48:36
TXN000490,U01014,63315,3,6.8,Axis,2025-08-14 19:57:36,2025-11-12 19:57:36
TXN000491,U01016,87749,24,7.1,Kotak,2025-07-02 01:58:07,2027-06-22 01:58:07
TXN000492,U01016,86261,12,8.68,Kotak,2025-07-11 02:14:07,2026-07-06 02:14:07
TXN000493,U01031,73670,12,7.81,IDFC First,2025-07-04 09:08:54,2026-06-29 09:08:54
TXN000494,U01031,134819,12,7.26,IDFC First,2025-07-05 09:20:54,2026-06-30 09:20:54
TXN000495,U01036,58200,12,6.83,Yes Bank,2025-07-26 23:51:12,2026-07-21 23:51:12
TXN000496,U01036,110425,6,8.77,SBI,2025-08-01 23:54:12,2026-01-28 23:54:12
TXN000497,U01037,36730,3,7.72,Yes Bank,2025-07-31 19:07:59,2025-10-29 19:07:59
TXN000498,U01037,280820,12,8.07,ICICI,2025-08-06 19:02:59,2026-08-01 19:02:59
TXN000499,U01037,38836,6,7.86,IDFC First,2025-08-04 19:24:59,2026-01-31 19:24:59
TXN000500,U01040,58751,36,6.81,IDFC First,2025-07-02 23:33:12,2028-06-16 23:33:12
TXN000501,U01054,73625,6,8.33,IDFC First,2025-07-08 20:13:10,2026-01-04 20:13:10
TXN000502,U01054,180188,24,8.54,IDFC First,2025-07-11 20:34:10,2027-07-01 20:34:10
TXN000503,U01054,94254,12,7.99,IDFC First,2025-07-26 20:32:10,2026-07-21 20:32:10
TXN000504,U01060,101838,12,6.65,Kotak,2025-07-30 00:21:12,2026-07-25 00:21:12
TXN000505,U01062,152888,12,6.81,SBI,2025-07-19 18:41:01,2026-07-14 18:41:01
TXN000506,U01062,171628,24,6.8,SBI,2025-07-22 18:50:01,2027-07-12 18:50:01
TXN000507,U01064,44871,36,6.92,ICICI,2025-07-11 06:18:55,2028-06-25 06:18:55
TXN000508,U01064,100542,24,6.57,SBI,2025-07-15 06:33:55,2027-07-05 06:33:55
TXN000509,U01078,168673,6,7.36,IndusInd,2025-07-06 06:20:52,2026-01-02 06:20:52
TXN000510,U01078,77348,24,7.56,IndusInd,2025-07-13 06:39:52,2027-07-03 06:39:52
TXN000511,U01078,163940,6,8.79,IDFC First,2025-07-16 06:19:52,2026-01-12 06:19:52
TXN000512,U01082,59590,24,8.08,Kotak,2025-07-02 22:47:55,2027-06-22 22:47:55
TXN000513,U01082,112882,36,8.58,IDFC First,2025-07-04 22:45:55,2028-06-18 22:45:55
TXN000514,U01082,188142,12,8.13,ICICI,2025-07-12 22:36:55,2026-07-07 22:36:55
TXN000515,U01082,128831,12,6.86,Yes Bank,2025-07-11 22:42:55,2026-07-06 22:42:55
TXN000516,U01087,32069,36,6.82,Yes Bank,2025-07-13 22:05:01,2028-06-27 22:05:01
TXN000517,U01106,236360,36,7.69,Axis,2025-07-28 07:00:05,2028-07-12 07:00:05
TXN000518,U01111,27625,12,6.65,IDFC First,2025-07-22 19:24:13,2026-07-17 19:24:13
TXN000519,U01111,79757,12,8.21,Yes Bank,2025-07-24 19:48:13,2026-07-19 19:48:13
TXN000520,U01116,182243,12,8.25,SBI,2025-07-19 20:43:50,2026-07-14 20:43:50
TXN000521,U01116,101923,6,7.81,Kotak,2025-07-21 21:06:50,2026-01-17 21:06:50
TXN000522,U01116,95814,36,8.76,Kotak,2025-07-31 21:03:50,2028-07-15 21:03:50
TXN000523,U01130,65854,6,6.91,Axis,2025-07-06 18:50:01,2026-01-02 18:50:01
TXN000524,U01138,114287,12,8.81,IDFC First,2025-07-21 00:45:01,2026-07-16 00:45:01
TXN000525,U01140,21239,36,7.88,IDFC First,2025-08-02 06:25:54,2028-07-17 06:25:54
TXN000526,U01140,61173,12,7.83,ICICI,2025-08-04 06:52:54,2026-07-30 06:52:54
TXN000527,U01140,24646,12,6.93,IndusInd,2025-08-12 06:45:54,2026-08-07 06:45:54
TXN000528,U01145,62390,6,8.81,Yes Bank,2025-07-14 21:05:11,2026-01-10 21:05:11
TXN000529,U01145,55496,12,7.28,Kotak,2025-07-19 20:50:11,2026-07-14 20:50:11
TXN000530,U01145,81249,12,6.61,IndusInd,2025-07-24 21:16:11,2026-07-19 21:16:11
TXN000531,U01148,55941,24,8.22,Axis,2025-07-06 23:23:08,2027-06-26 23:23:08
TXN000532,U01153,30871,6,7.38,IDFC First,2025-07-17 06:45:34,2026-01-13 06:45:34
TXN000533,U01153,25476,6,8.59,IndusInd,2025-07-22 07:01:34,2026-01-18 07:01:34
TXN000534,U01157,52647,12,7.17,SBI,2025-07-04 02:58:15,2026-06-29 02:58:15
TXN000535,U01157,31173,12,7.53,Yes Bank,2025-07-11 02:39:15,2026-07-06 02:39:15
TXN000536,U01157,41891,36,6.64,Kotak,2025-07-06 02:46:15,2028-06-20 02:46:15
TXN000537,U01157,37973,12,6.96,ICICI,2025-07-07 02:48:15,2026-07-02 02:48:15
TXN000538,U01159,133950,24,7.88,IndusInd,2025-07-16 22:48:56,2027-07-06 22:48:56
TXN000539,U01159,179851,36,7.97,Kotak,2025-07-23 23:03:56,2028-07-07 23:03:56
TXN000540,U01162,55871,3,8.81,IDFC First,2025-07-20 05:59:57,2025-10-18 05:59:57
TXN000541,U01162,17979,24,6.78,HDFC,2025-07-20 05:43:57,2027-07-10 05:43:57
TXN000542,U01167,119284,12,7.12,IDFC First,2025-07-12 20:38:48,2026-07-07 20:38:48
TXN000543,U01170,95269,36,7.16,IndusInd,2025-07-30 19:21:11,2028-07-14 19:21:11
TXN000544,U01170,503731,12,8.7,IndusInd,2025-08-03 19:18:11,2026-07-29 19:18:11
TXN000545,U01171,197027,36,7.18,IndusInd,2025-07-18 23:44:21,2028-07-02 23:44:21
TXN000546,U01172,71127,6,7.55,ICICI,2025-07-14 19:46:32,2026-01-10 19:46:32
TXN000547,U01172,44447,6,7.36,IDFC First,2025-07-19 19:33:32,2026-01-15 19:33:32
TXN000548,U01172,57561,12,6.51,HDFC,2025-07-24 19:55:32,2026-07-19 19:55:32
TXN000549,U01173,50212,3,8.2,IDFC First,2025-07-29 19:56:03,2025-10-27 19:56:03
TXN000550,U01173,87721,36,6.78,IndusInd,2025-08-03 20:05:03,2028-07-18 20:05:03
TXN000551,U01180,28159,12,6.73,Axis,2025-07-07 21:05:11,2026-07-02 21:05:11
TXN000552,U01180,30414,24,7.47,Kotak,2025-07-07 20:46:11,2027-06-27 20:46:11
TXN000553,U01185,43971,36,8.25,ICICI,2025-07-31 03:27:12,2028-07-15 03:27:12
TXN000554,U01194,102938,24,8.97,Axis,2025-07-31 00:09:10,2027-07-21 00:09:10
TXN000555,U01194,74578,12,7.32,Yes Bank,2025-08-03 00:15:10,2026-07-29 00:15:10
TXN000556,U01194,24879,12,6.54,Axis,2025-08-04 00:07:10,2026-07-30 00:07:10
TXN000557,U01202,30637,12,8.15,IDFC First,2025-07-09 05:41:22,2026-07-04 05:41:22
TXN000558,U01202,29287,12,6.65,IndusInd,2025-07-10 05:42:22,2026-07-05 05:42:22
TXN000559,U01202,43856,12,7.71,SBI,2025-07-21 05:24:22,2026-07-16 05:24:22
TXN000560,U01203,52173,12,8.3,IndusInd,2025-07-30 05:53:11,2026-07-25 05:53:11
TXN000561,U01203,119199,12,6.65,Axis,2025-08-07 05:28:11,2026-08-02 05:28:11
TXN000562,U01203,46853,36,7.35,SBI,2025-08-01 05:48:11,2028-07-16 05:48:11
TXN000563,U01203,85525,6,8.14,Kotak,2025-08-02 05:44:11,2026-01-29 05:44:11
TXN000564,U01203,85374,3,8.14,Axis,2025-07-30 05:47:11,2025-10-28 05:47:11
TXN000565,U01208,55661,24,8.77,Kotak,2025-07-06 07:50:30,2027-06-26 07:50:30
TXN000566,U01208,45590,6,8.7,Kotak,2025-07-15 07:55:30,2026-01-11 07:55:30
TXN000567,U01208,62228,36,8.06,IndusInd,2025-07-16 07:36:30,2028-06-30 07:36:30
TXN000568,U01208,59523,12,8.6,Kotak,2025-07-15 07:47:30,2026-07-10 07:47:30
TXN000569,U01209,148132,12,6.51,Yes Bank,2025-07-24 02:48:04,2026-07-19 02:48:04
TXN000570,U01216,101422,12,7.33,ICICI,2025-08-03 21:14:57,2026-07-29 21:14:57
TXN000571,U01216,27464,6,7.17,Yes Bank,2025-08-10 21:29:57,2026-02-06 21:29:57
TXN000572,U01218,92849,24,8.32,ICICI,2025-07-13 08:25:57,2027-07-03 08:25:57
TXN000573,U01224,37508,6,8.73,Axis,2025-08-01 05:14:03,2026-01-28 05:14:03
TXN000574,U01224,175034,12,7.43,SBI,2025-08-06 05:28:03,2026-08-01 05:28:03
TXN000575,U01224,64432,24,7.04,IndusInd,2025-08-09 05:14:03,2027-07-30 05:14:03
TXN000576,U01228,21048,12,8.69,IndusInd,2025-07-01 21:19:12,2026-06-26 21:19:12
TXN000577,U01228,36954,6,7.62,Yes Bank,2025-07-05 21:41:12,2026-01-01 21:41:12
TXN000578,U01228,121330,12,6.51,HDFC,2025-07-15 21:34:12,2026-07-10 21:34:12
TXN000579,U01228,24110,36,7.0,IDFC First,2025-07-04 21:39:12,2028-06-18 21:39:12
TXN000580,U01232,68016,36,7.58,IndusInd,2025-07-27 08:04:08,2028-07-11 08:04:08
TXN000581,U01232,106019,36,7.01,HDFC,2025-07-27 08:01:08,2028-07-11 08:01:08
TXN000582,U01233,123861,12,7.28,HDFC,2025-07-31 05:14:19,2026-07-26 05:14:19
TXN000583,U01233,77223,6,7.54,Axis,2025-08-01 05:09:19,2026-01-28 05:09:19
TXN000584,U01233,26436,6,6.75,Yes Bank,2025-08-18 05:32:19,2026-02-14 05:32:19
TXN000585,U01233,107516,12,8.96,HDFC,2025-08-21 05:12:19,2026-08-16 05:12:19
TXN000586,U01233,271491,6,8.79,SBI,2025-09-05 05:30:19,2026-03-04 05:30:19
TXN000587,U01236,50968,24,7.93,HDFC,2025-07-04 20:38:19,2027-06-24 20:38:19
TXN000588,U01239,67002,12,8.39,IDFC First,2025-07-04 21:40:14,2026-06-29 21:40:14
TXN000589,U01240,54013,6,7.58,Yes Bank,2025-07-27 01:33:15,2026-01-23 01:33:15
TXN000590,U01240,64856,12,7.21,IDFC First,2025-08-01 01:31:15,2026-07-27 01:31:15
TXN000591,U01257,94142,36,7.77,IDFC First,2025-07-22 21:03:40,2028-07-06 21:03:40
TXN000592,U01260,68568,12,7.91,Axis,2025-07-18 00:26:21,2026-07-13 00:26:21
TXN000593,U01260,59557,24,8.0,Yes Bank,2025-07-23 00:22:21,2027-07-13 00:22:21
TXN000594,U01260,103266,12,6.61,IndusInd,2025-07-20 00:48:21,2026-07-15 00:48:21
TXN000595,U01263,285880,6,6.94,ICICI,2025-07-03 06:03:56,2025-12-30 06:03:56
TXN000596,U01263,463464,24,7.96,ICICI,2025-07-03 06:24:56,2027-06-23 06:24:56
TXN000597,U01263,185373,24,8.79,ICICI,2025-07-13 06:01:56,2027-07-03 06:01:56
TXN000598,U01266,65151,12,7.54,IndusInd,2025-07-02 05:30:51,2026-06-27 05:30:51
TXN000599,U01266,173829,12,8.49,Axis,2025-07-04 05:51:51,2026-06-29 05:51:51
TXN000600,U01268,54968,12,7.98,Yes Bank,2025-07-11 08:28:07,2026-07-06 08:28:07
TXN000601,U01268,34052,12,7.03,IndusInd,2025-07-15 08:21:07,2026-07-10 08:21:07
TXN000602,U01268,49084,6,7.21,IndusInd,2025-07-23 08:16:07,2026-01-19 08:16:07
TXN000603,U01276,51090,24,6.87,Axis,2025-07-16 07:39:59,2027-07-06 07:39:59
TXN000604,U01277,48182,3,7.73,ICICI,2025-07-17 06:06:08,2025-10-15 06:06:08
TXN000605,U01277,71095,6,8.48,Kotak,2025-07-18 06:29:08,2026-01-14 06:29:08
TXN000606,U01277,123882,24,7.13,Axis,2025-07-29 06:09:08,2027-07-19 06:09:08
TXN000607,U01284,21245,6,6.65,IDFC First,2025-07-04 19:16:21,2025-12-31 19:16:21
TXN000608,U01292,23047,6,7.11,Kotak,2025-07-29 18:56:19,2026-01-25 18:56:19
TXN000609,U01292,110784,3,6.5,ICICI,2025-07-29 19:16:19,2025-10-27 19:16:19
TXN000610,U01292,135422,12,8.4,Axis,2025-07-31 19:18:19,2026-07-26 19:18:19
TXN000611,U01301,47504,24,8.91,ICICI,2025-08-05 18:27:12,2027-07-26 18:27:12
TXN000612,U01301,39663,12,7.43,Kotak,2025-08-09 18:15:12,2026-08-04 18:15:12
TXN000613,U01301,200350,36,8.46,IndusInd,2025-08-15 18:35:12,2028-07-30 18:35:12
TXN000614,U01301,25654,12,8.83,IndusInd,2025-08-05 18:17:12,2026-07-31 18:17:12
TXN000615,U01303,45368,12,8.18,Yes Bank,2025-07-12 02:55:02,2026-07-07 02:55:02
TXN000616,U01303,33784,24,8.56,ICICI,2025-07-16 02:54:02,2027-07-06 02:54:02
TXN000617,U01303,177995,12,7.63,IDFC First,2025-07-22 03:00:02,2026-07-17 03:00:02
TXN000618,U01307,36335,6,7.71,IndusInd,2025-07-09 20:12:03,2026-01-05 20:12:03
TXN000619,U01307,65181,6,8.17,IDFC First,2025-07-14 20:12:03,2026-01-10 20:12:03
TXN000620,U01308,361368,12,8.66,Yes Bank,2025-07-21 01:33:43,2026-07-16 01:33:43
TXN000621,U01308,489143,36,7.56,IndusInd,2025-07-24 01:31:43,2028-07-08 01:31:43
TXN000622,U01312,153185,12,7.14,Axis,2025-07-18 21:11:24,2026-07-13 21:11:24
TXN000623,U01312,299057,12,7.25,ICICI,2025-07-19 21:05:24,2026-07-14 21:05:24
TXN000624,U01312,98937,6,7.31,IDFC First,2025-07-24 21:29:24,2026-01-20 21:29:24
TXN000625,U01312,166455,6,7.8,IDFC First,2025-07-18 21:17:24,2026-01-14 21:17:24
TXN000626,U01313,110915,12,7.49,HDFC,2025-07-10 20:05:09,2026-07-05 20:05:09
TXN000627,U01319,109330,12,6.62,ICICI,2025-07-20 03:34:01,2026-07-15 03:34:01
TXN000628,U01319,55955,24,8.22,Kotak,2025-07-29 03:46:01,2027-07-19 03:46:01
TXN000629,U01319,42410,6,8.33,Axis,2025-07-24 03:28:01,2026-01-20 03:28:01
TXN000630,U01319,165622,6,8.53,HDFC,2025-07-26 03:27:01,2026-01-22 03:27:01
TXN000631,U01324,65212,3,8.25,HDFC,2025-07-02 21:22:09,2025-09-30 21:22:09
TXN000632,U01324,219756,3,6.8,SBI,2025-07-04 21:09:09,2025-10-02 21:09:09
TXN000633,U01335,101968,24,8.81,SBI,2025-07-07 03:25:27,2027-06-27 03:25:27
TXN000634,U01335,213476,12,7.59,Axis,2025-07-15 03:41:27,2026-07-10 03:41:27
TXN000635,U01348,78661,3,7.15,HDFC,2025-07-15 21:46:24,2025-10-13 21:46:24
TXN000636,U01348,44859,12,7.98,IndusInd,2025-07-23 21:43:24,2026-07-18 21:43:24
TXN000637,U01349,29832,6,7.82,IndusInd,2025-07-13 00:56:40,2026-01-09 00:56:40
TXN000638,U01349,68558,12,6.83,Kotak,2025-07-21 00:59:40,2026-07-16 00:59:40
TXN000639,U01352,121093,3,6.83,Kotak,2025-08-01 07:19:12,2025-10-30 07:19:12
TXN000640,U01352,63680,24,7.2,Yes Bank,2025-08-06 07:26:12,2027-07-27 07:26:12
TXN000641,U01358,76285,24,8.95,IndusInd,2025-07-20 21:50:03,2027-07-10 21:50:03
TXN000642,U01358,51041,6,7.35,Yes Bank,2025-07-23 22:02:03,2026-01-19 22:02:03
TXN000643,U01358,122447,6,6.91,Kotak,2025-07-20 21:58:03,2026-01-16 21:58:03
TXN000644,U01376,47121,24,8.14,HDFC,2025-07-31 19:32:04,2027-07-21 19:32:04
TXN000645,U01378,59818,12,8.05,Axis,2025-07-09 04:49:57,2026-07-04 04:49:57
TXN000646,U01386,58962,36,7.42,HDFC,2025-07-02 07:49:05,2028-06-16 07:49:05
TXN000647,U01386,167350,12,8.6,Axis,2025-07-05 07:34:05,2026-06-30 07:34:05
TXN000648,U01386,32650,12,8.95,Kotak,2025-07-10 07:39:05,2026-07-05 07:39:05
TXN000649,U01398,112261,24,7.37,Yes Bank,2025-07-11 03:36:10,2027-07-01 03:36:10
TXN000650,U01398,83178,12,7.29,Axis,2025-07-19 03:48:10,2026-07-14 03:48:10
TXN000651,U01398,48804,24,8.22,Kotak,2025-07-19 03:35:10,2027-07-09 03:35:10
TXN000652,U01398,36661,12,6.64,Yes Bank,2025-07-17 03:36:10,2026-07-12 03:36:10
TXN000653,U01399,357825,36,6.51,HDFC,2025-07-07 02:32:48,2028-06-21 02:32:48
TXN000654,U01399,95068,36,8.35,HDFC,2025-07-12 02:20:48,2028-06-26 02:20:48
TXN000655,U01399,38045,24,7.14,SBI,2025-07-25 02:39:48,2027-07-15 02:39:48
TXN000656,U01399,136428,24,6.93,IndusInd,2025-07-25 02:15:48,2027-07-15 02:15:48
TXN000657,U01399,102558,24,6.69,ICICI,2025-07-07 02:16:48,2027-06-27 02:16:48
TXN000658,U01402,39555,12,6.8,IDFC First,2025-07-04 08:14:19,2026-06-29 08:14:19
TXN000659,U01402,38345,12,8.07,ICICI,2025-07-10 08:27:19,2026-07-05 08:27:19
TXN000660,U01402,93341,6,6.66,IDFC First,2025-07-12 08:41:19,2026-01-08 08:41:19
TXN000661,U01403,72782,36,8.42,ICICI,2025-07-18 00:49:26,2028-07-02 00:49:26
TXN000662,U01414,38527,12,7.9,HDFC,2025-07-16 03:41:07,2026-07-11 03:41:07
TXN000663,U01414,82685,12,7.9,HDFC,2025-07-24 03:59:07,2026-07-19 03:59:07
TXN000664,U01414,145238,12,8.03,ICICI,2025-07-16 03:43:07,2026-07-11 03:43:07
TXN000665,U01414,66654,24,8.99,Yes Bank,2025-08-06 03:52:07,2027-07-27 03:52:07
TXN000666,U01414,26964,6,7.1,IndusInd,2025-07-24 03:42:07,2026-01-20 03:42:07
TXN000667,U01419,60198,12,7.29,ICICI,2025-07-13 03:25:58,2026-07-08 03:25:58
TXN000668,U01419,88614,12,7.89,Axis,2025-07-15 03:18:58,2026-07-10 03:18:58
TXN000669,U01419,20008,12,7.65,ICICI,2025-07-25 03:35:58,2026-07-20 03:35:58
TXN000670,U01419,122739,12,6.61,Yes Bank,2025-07-13 03:39:58,2026-07-08 03:39:58
TXN000671,U01439,121660,12,6.66,IDFC First,2025-07-31 04:20:52,2026-07-26 04:20:52
TXN000672,U01439,56667,12,6.85,Yes Bank,2025-08-07 04:10:52,2026-08-02 04:10:52
TXN000673,U01442,64839,36,8.31,SBI,2025-07-26 21:21:33,2028-07-10 21:21:33
TXN000674,U01446,70889,12,7.54,Kotak,2025-07-21 19:09:04,2026-07-16 19:09:04
TXN000675,U01453,119940,36,8.67,IndusInd,2025-07-16 06:41:47,2028-06-30 06:41:47
TXN000676,U01453,243579,12,6.56,Yes Bank,2025-07-22 06:40:47,2026-07-17 06:40:47
TXN000677,U01453,77569,12,6.99,IDFC First,2025-07-16 06:34:47,2026-07-11 06:34:47
TXN000678,U01456,201771,12,8.35,Yes Bank,2025-07-26 05:54:08,2026-07-21 05:54:08
TXN000679,U01457,91423,24,7.06,IndusInd,2025-07-07 02:39:24,2027-06-27 02:39:24
TXN000680,U01457,97719,12,8.56,Yes Bank,2025-07-09 02:28:24,2026-07-04 02:28:24
TXN000681,U01457,61679,12,7.42,HDFC,2025-07-07 02:32:24,2026-07-02 02:32:24
TXN000682,U01458,39930,24,6.78,Axis,2025-07-02 06:55:53,2027-06-22 06:55:53
TXN000683,U01458,99568,12,6.84,Yes Bank,2025-07-02 07:13:53,2026-06-27 07:13:53
TXN000684,U01458,128784,36,7.82,HDFC,2025-07-14 07:11:53,2028-06-28 07:11:53
TXN000685,U01459,227263,24,8.66,IDFC First,2025-07-06 19:53:52,2027-06-26 19:53:52
TXN000686,U01459,166151,12,7.14,Kotak,2025-07-08 20:07:52,2026-07-03 20:07:52
TXN000687,U01464,39842,12,8.17,Yes Bank,2025-07-14 20:43:15,2026-07-09 20:43:15
TXN000688,U01466,246272,24,7.73,SBI,2025-07-11 04:36:34,2027-07-01 04:36:34
TXN000689,U01468,55576,6,7.38,Axis,2025-07-04 21:26:48,2025-12-31 21:26:48
TXN000690,U01468,15500,24,6.64,Axis,2025-07-10 21:10:48,2027-06-30 21:10:48
TXN000691,U01468,22275,12,8.11,Kotak,2025-07-06 21:25:48,2026-07-01 21:25:48
TXN000692,U01468,100122,12,8.08,Yes Bank,2025-07-31 21:27:48,2026-07-26 21:27:48
TXN000693,U01473,110664,3,6.73,Yes Bank,2025-07-29 23:06:34,2025-10-27 23:06:34
TXN000694,U01482,79634,12,7.02,Kotak,2025-07-26 21:10:26,2026-07-21 21:10:26
TXN000695,U01482,120300,12,7.17,Kotak,2025-07-31 21:25:26,2026-07-26 21:25:26
TXN000696,U01483,181641,6,7.18,Kotak,2025-07-10 23:21:09,2026-01-06 23:21:09
TXN000697,U01492,95722,12,6.87,HDFC,2025-07-06 06:24:05,2026-07-01 06:24:05
TXN000698,U01501,122094,12,8.32,IDFC First,2025-07-05 03:21:03,2026-06-30 03:21:03
TXN000699,U01501,64539,12,7.63,Yes Bank,2025-07-14 03:38:03,2026-07-09 03:38:03
TXN000700,U01502,61973,24,7.75,HDFC,2025-07-28 01:49:56,2027-07-18 01:49:56
TXN000701,U01509,67254,24,7.77,Kotak,2025-07-24 22:25:07,2027-07-14 22:25:07
TXN000702,U01511,84399,12,7.06,SBI,2025-07-27 23:10:11,2026-07-22 23:10:11
TXN000703,U01512,166524,6,8.78,SBI,2025-07-11 21:00:09,2026-01-07 21:00:09
TXN000704,U01512,84081,12,8.66,Axis,2025-07-11 21:01:09,2026-07-06 21:01:09
TXN000705,U01513,101470,12,7.93,SBI,2025-07-14 05:25:35,2026-07-09 05:25:35
TXN000706,U01513,173859,6,7.78,ICICI,2025-07-21 05:31:35,2026-01-17 05:31:35
TXN000707,U01513,299397,12,7.45,IndusInd,2025-07-14 05:22:35,2026-07-09 05:22:35
TXN000708,U01513,110516,12,7.71,HDFC,2025-07-20 05:12:35,2026-07-15 05:12:35
TXN000709,U01527,106864,6,6.59,ICICI,2025-07-06 18:32:04,2026-01-02 18:32:04
TXN000710,U01528,31585,6,8.84,IndusInd,2025-07-14 05:05:36,2026-01-10 05:05:36
TXN000711,U01528,15624,6,8.51,IndusInd,2025-07-15 05:09:36,2026-01-11 05:09:36
TXN000712,U01528,87752,12,7.89,IndusInd,2025-07-22 05:24:36,2026-07-17 05:24:36
TXN000713,U01535,99530,24,8.07,IDFC First,2025-08-01 22:56:07,2027-07-22 22:56:07
TXN000714,U01544,53977,24,8.91,Yes Bank,2025-07-27 04:50:05,2027-07-17 04:50:05
TXN000715,U01544,39412,6,8.53,Yes Bank,2025-07-31 04:55:05,2026-01-27 04:55:05
TXN000716,U01544,100204,6,8.43,SBI,2025-08-04 04:47:05,2026-01-31 04:47:05
TXN000717,U01544,29471,6,6.85,Kotak,2025-08-11 05:00:05,2026-02-07 05:00:05
TXN000718,U01554,39214,24,6.67,ICICI,2025-07-31 04:30:10,2027-07-21 04:30:10
TXN000719,U01556,71982,6,6.59,ICICI,2025-07-22 07:16:10,2026-01-18 07:16:10
TXN000720,U01556,34377,24,6.69,SBI,2025-07-25 07:20:10,2027-07-15 07:20:10
TXN000721,U01567,89067,6,8.28,Yes Bank,2025-07-17 20:40:17,2026-01-13 20:40:17
TXN000722,U01567,60907,12,6.95,HDFC,2025-07-22 20:37:17,2026-07-17 20:37:17
TXN000723,U01567,73989,24,6.91,IDFC First,2025-08-04 20:48:17,2027-07-25 20:48:17
TXN000724,U01571,34554,6,8.61,IDFC First,2025-07-21 20:14:06,2026-01-17 20:14:06
TXN000725,U01571,114136,24,7.03,IDFC First,2025-07-24 19:54:06,2027-07-14 19:54:06
TXN000726,U01572,61225,12,7.14,Kotak,2025-07-26 20:17:20,2026-07-21 20:17:20
TXN000727,U01580,69350,12,7.31,IDFC First,2025-07-27 22:41:16,2026-07-22 22:41:16
TXN000728,U01580,34137,3,9.0,Axis,2025-07-31 22:52:16,2025-10-29 22:52:16
TXN000729,U01580,46823,12,6.58,Axis,2025-08-02 22:55:16,2026-07-28 22:55:16
TXN000730,U01582,117499,24,7.98,Yes Bank,2025-07-22 02:56:58,2027-07-12 02:56:58
TXN000731,U01583,165134,12,7.54,IndusInd,2025-07-12 21:33:58,2026-07-07 21:33:58
TXN000732,U01584,84525,6,6.78,Kotak,2025-07-09 06:52:58,2026-01-05 06:52:58
TXN000733,U01586,32672,24,7.97,SBI,2025-07-12 05:12:17,2027-07-02 05:12:17
TXN000734,U01591,141895,12,8.27,IDFC First,2025-07-31 07:50:53,2026-07-26 07:50:53
TXN000735,U01596,86471,24,7.17,SBI,2025-07-19 02:07:51,2027-07-09 02:07:51
TXN000736,U01597,50044,12,8.91,SBI,2025-07-20 20:02:17,2026-07-15 20:02:17
TXN000737,U01597,59265,12,8.51,Kotak,2025-07-22 20:05:17,2026-07-17 20:05:17
TXN000738,U01598,69774,24,7.43,Axis,2025-07-30 01:44:04,2027-07-20 01:44:04
TXN000739,U01599,51997,24,7.87,Axis,2025-07-04 22:07:14,2027-06-24 22:07:14
TXN000740,U01599,52940,6,6.55,HDFC,2025-07-10 22:26:14,2026-01-06 22:26:14
TXN000741,U01601,26876,6,8.48,ICICI,2025-07-23 00:32:50,2026-01-19 00:32:50
TXN000742,U01601,68764,36,7.93,ICICI,2025-07-29 00:29:50,2028-07-13 00:29:50
TXN000743,U01612,30382,12,8.78,IDFC First,2025-07-08 20:20:04,2026-07-03 20:20:04
TXN000744,U01612,37754,12,8.85,ICICI,2025-07-17 20:22:04,2026-07-12 20:22:04
TXN000745,U01622,50518,12,6.6,IndusInd,2025-07-10 19:28:15,2026-07-05 19:28:15
TXN000746,U01629,26748,24,6.67,IDFC First,2025-07-23 22:13:43,2027-07-13 22:13:43
TXN000747,U01632,60355,12,8.76,IDFC First,2025-07-27 01:55:08,2026-07-22 01:55:08
TXN000748,U01632,119906,3,8.13,HDFC,2025-07-30 02:19:08,2025-10-28 02:19:08
TXN000749,U01632,69566,6,8.8,Axis,2025-07-29 02:02:08,2026-01-25 02:02:08
TXN000750,U01642,64805,24,7.74,IndusInd,2025-08-02 07:16:20,2027-07-23 07:16:20
TXN000751,U01644,111193,6,8.62,ICICI,2025-07-23 19:33:35,2026-01-19 19:33:35
TXN000752,U01644,178601,12,8.39,IDFC First,2025-08-01 19:34:35,2026-07-27 19:34:35
TXN000753,U01644,123211,12,7.08,IDFC First,2025-07-25 19:18:35,2026-07-20 19:18:35
TXN000754,U01649,47596,12,7.18,Yes Bank,2025-07-31 02:00:54,2026-07-26 02:00:54
TXN000755,U01649,55697,6,6.67,Yes Bank,2025-08-09 02:06:54,2026-02-05 02:06:54
TXN000756,U01649,95309,36,7.37,SBI,2025-08-14 02:03:54,2028-07-29 02:03:54
TXN000757,U01651,149459,6,7.32,HDFC,2025-07-29 02:25:57,2026-01-25 02:25:57
TXN000758,U01651,112212,24,8.94,IndusInd,2025-08-06 02:13:57,2027-07-27 02:13:57
TXN000759,U01651,51703,24,8.99,IndusInd,2025-08-06 02:27:57,2027-07-27 02:27:57
TXN000760,U01660,56946,24,6.75,HDFC,2025-07-14 05:23:09,2027-07-04 05:23:09
TXN000761,U01661,27428,12,7.17,Axis,2025-07-06 00:03:01,2026-07-01 00:03:01
TXN000762,U01661,70080,6,7.16,HDFC,2025-07-12 00:05:01,2026-01-08 00:05:01
TXN000763,U01661,23862,6,7.75,IDFC First,2025-07-08 00:28:01,2026-01-04 00:28:01
TXN000764,U01662,91913,12,6.73,IDFC First,2025-07-13 18:39:29,2026-07-08 18:39:29
TXN000765,U01662,37350,24,7.32,SBI,2025-07-16 19:05:29,2027-07-06 19:05:29
TXN000766,U01667,60474,24,8.26,IDFC First,2025-07-21 00:57:47,2027-07-11 00:57:47
TXN000767,U01667,65758,36,8.08,Axis,2025-07-28 00:44:47,2028-07-12 00:44:47
TXN000768,U01667,15483,12,8.43,Yes Bank,2025-08-06 00:40:47,2026-08-01 00:40:47
TXN000769,U01667,33630,12,7.56,IDFC First,2025-07-24 00:40:47,2026-07-19 00:40:47
TXN000770,U01667,39789,36,8.73,IndusInd,2025-07-21 01:05:47,2028-07-05 01:05:47
TXN000771,U01668,51718,24,8.63,IndusInd,2025-07-09 00:29:05,2027-06-29 00:29:05
TXN000772,U01669,69145,12,7.81,ICICI,2025-07-10 00:04:54,2026-07-05 00:04:54
TXN000773,U01670,11658,24,8.82,IndusInd,2025-07-05 03:13:34,2027-06-25 03:13:34
TXN000774,U01670,58216,6,7.22,IDFC First,2025-07-11 02:55:34,2026-01-07 02:55:34
TXN000775,U01671,63844,3,8.39,Yes Bank,2025-07-20 05:48:55,2025-10-18 05:48:55
TXN000776,U01689,76136,12,7.74,IDFC First,2025-07-12 02:46:08,2026-07-07 02:46:08
TXN000777,U01689,43462,12,6.88,IndusInd,2025-07-21 02:25:08,2026-07-16 02:25:08
TXN000778,U01691,100220,24,8.51,Kotak,2025-07-25 07:07:20,2027-07-15 07:07:20
TXN000779,U01691,81411,12,8.46,Yes Bank,2025-07-28 07:07:20,2026-07-23 07:07:20
TXN000780,U01693,107647,3,7.51,SBI,2025-07-21 07:23:24,2025-10-19 07:23:24
TXN000781,U01693,128260,6,8.91,SBI,2025-07-24 07:13:24,2026-01-20 07:13:24
TXN000782,U01693,64933,6,7.22,Kotak,2025-08-04 07:25:24,2026-01-31 07:25:24
TXN000783,U01706,121072,12,7.19,ICICI,2025-07-20 20:20:11,2026-07-15 20:20:11
TXN000784,U01706,117041,36,6.52,IndusInd,2025-07-22 20:15:11,2028-07-06 20:15:11
TXN000785,U01706,141930,12,7.79,HDFC,2025-08-03 20:06:11,2026-07-29 20:06:11
TXN000786,U01706,166581,12,7.74,SBI,2025-07-29 20:03:11,2026-07-24 20:03:11
TXN000787,U01706,218162,36,7.53,HDFC,2025-08-05 20:22:11,2028-07-20 20:22:11
TXN000788,U01707,93575,36,8.38,SBI,2025-07-16 23:23:27,2028-06-30 23:23:27
TXN000789,U01707,95653,24,8.38,Axis,2025-07-19 23:31:27,2027-07-09 23:31:27
TXN000790,U01712,59152,6,8.86,Yes Bank,2025-07-09 22:02:05,2026-01-05 22:02:05
TXN000791,U01717,53013,12,6.87,Yes Bank,2025-07-24 00:16:24,2026-07-19 00:16:24
TXN000792,U01717,39317,6,8.54,IndusInd,2025-07-30 00:08:24,2026-01-26 00:08:24
TXN000793,U01717,26599,12,7.96,HDFC,2025-08-03 00:03:24,2026-07-29 00:03:24
TXN000794,U01722,61004,12,7.18,IDFC First,2025-07-13 06:04:07,2026-07-08 06:04:07
TXN000795,U01722,48880,6,7.62,Kotak,2025-07-17 06:07:07,2026-01-13 06:07:07
TXN000796,U01722,90060,6,7.93,Axis,2025-07-31 06:28:07,2026-01-27 06:28:07
TXN000797,U01722,59278,12,7.98,IndusInd,2025-07-28 06:08:07,2026-07-23 06:08:07
TXN000798,U01722,62760,12,6.5,HDFC,2025-07-25 06:19:07,2026-07-20 06:19:07
TXN000799,U01725,168756,24,6.89,Axis,2025-07-09 01:29:53,2027-06-29 01:29:53
TXN000800,U01725,37703,12,6.7,SBI,2025-07-15 01:28:53,2026-07-10 01:28:53
TXN000801,U01725,17560,12,8.67,ICICI,2025-07-17 01:18:53,2026-07-12 01:18:53
TXN000802,U01725,43403,6,8.89,Axis,2025-07-18 01:32:53,2026-01-14 01:32:53
TXN000803,U01729,87386,24,8.75,HDFC,2025-07-18 20:56:31,2027-07-08 20:56:31
TXN000804,U01737,108508,36,6.85,IndusInd,2025-07-31 20:07:57,2028-07-15 20:07:57
TXN000805,U01740,75243,12,8.84,HDFC,2025-07-22 00:59:58,2026-07-17 00:59:58
TXN000806,U01749,101354,6,8.05,IndusInd,2025-07-21 06:23:23,2026-01-17 06:23:23
TXN000807,U01754,48719,24,7.43,ICICI,2025-07-14 01:28:23,2027-07-04 01:28:23
TXN000808,U01754,45473,12,7.64,IDFC First,2025-07-19 01:26:23,2026-07-14 01:26:23
TXN000809,U01760,90714,12,7.74,Kotak,2025-07-28 06:06:22,2026-07-23 06:06:22
TXN000810,U01760,33505,12,6.51,ICICI,2025-07-29 06:16:22,2026-07-24 06:16:22
TXN000811,U01760,59534,12,8.94,Axis,2025-08-11 06:07:22,2026-08-06 06:07:22
TXN000812,U01760,134576,12,6.8,Kotak,2025-08-06 06:06:22,2026-08-01 06:06:22
TXN000813,U01762,185436,24,8.34,IndusInd,2025-07-12 06:59:29,2027-07-02 06:59:29
TXN000814,U01762,113845,3,7.44,Kotak,2025-07-18 07:14:29,2025-10-16 07:14:29
TXN000815,U01762,155027,36,7.01,IDFC First,2025-07-12 07:22:29,2028-06-26 07:22:29
TXN000816,U01762,152787,24,7.44,Kotak,2025-07-27 07:09:29,2027-07-17 07:09:29
TXN000817,U01762,80196,24,8.65,ICICI,2025-08-09 07:09:29,2027-07-30 07:09:29
TXN000818,U01766,46071,12,7.65,Yes Bank,2025-07-31 02:48:27,2026-07-26 02:48:27
TXN000819,U01770,112475,24,8.0,Yes Bank,2025-07-21 19:16:27,2027-07-11 19:16:27
TXN000820,U01770,87772,24,6.99,IDFC First,2025-07-21 19:01:27,2027-07-11 19:01:27
TXN000821,U01770,113682,3,6.91,Yes Bank,2025-08-04 19:11:27,2025-11-02 19:11:27
TXN000822,U01780,64725,12,8.4,SBI,2025-07-17 22:52:45,2026-07-12 22:52:45
TXN000823,U01780,46397,3,8.19,IDFC First,2025-07-18 22:33:45,2025-10-16 22:33:45
TXN000824,U01780,10548,3,7.18,ICICI,2025-07-17 22:44:45,2025-10-15 22:44:45
TXN000825,U01784,59230,12,8.51,SBI,2025-07-15 19:30:51,2026-07-10 19:30:51
TXN000826,U01786,79493,24,7.14,ICICI,2025-07-03 19:04:16,2027-06-23 19:04:16
TXN000827,U01788,70953,36,7.46,IDFC First,2025-07-31 07:25:40,2028-07-15 07:25:40
TXN000828,U01788,59453,12,8.46,SBI,2025-08-02 07:15:40,2026-07-28 07:15:40
TXN000829,U01788,57744,12,8.86,Kotak,2025-08-04 06:58:40,2026-07-30 06:58:40
TXN000830,U01788,101677,3,7.61,IndusInd,2025-08-09 07:13:40,2025-11-07 07:13:40
TXN000831,U01795,101796,12,7.98,HDFC,2025-07-23 03:21:05,2026-07-18 03:21:05
TXN000832,U01795,51915,24,7.68,SBI,2025-07-26 03:28:05,2027-07-16 03:28:05
TXN000833,U01795,460067,36,7.94,HDFC,2025-07-23 03:25:05,2028-07-07 03:25:05
TXN000834,U01798,36896,24,8.48,Yes Bank,2025-07-05 04:43:02,2027-06-25 04:43:02
TXN000835,U01798,61681,12,7.89,SBI,2025-07-12 04:36:02,2026-07-07 04:36:02
TXN000836,U01798,15952,36,6.83,Kotak,2025-07-21 04:55:02,2028-07-05 04:55:02
TXN000837,U01798,76910,24,8.54,HDFC,2025-07-26 04:40:02,2027-07-16 04:40:02
TXN000838,U01801,226516,6,8.94,HDFC,2025-07-24 23:55:00,2026-01-20 23:55:00
TXN000839,U01801,140509,6,7.29,Axis,2025-07-25 23:43:00,2026-01-21 23:43:00
TXN000840,U01801,87061,24,7.26,IDFC First,2025-07-30 23:38:00,2027-07-20 23:38:00
TXN000841,U01801,188399,12,8.94,IDFC First,2025-08-17 23:49:00,2026-08-12 23:49:00
TXN000842,U01813,155289,24,8.22,Axis,2025-07-23 20:03:56,2027-07-13 20:03:56
TXN000843,U01813,163185,6,8.6,ICICI,2025-08-01 19:40:56,2026-01-28 19:40:56
TXN000844,U01817,270365,24,7.51,Yes Bank,2025-07-19 06:34:16,2027-07-09 06:34:16
TXN000845,U01823,68414,12,7.7,Axis,2025-07-01 18:33:21,2026-06-26 18:33:21
TXN000846,U01823,46512,24,6.8,IDFC First,2025-07-05 18:22:21,2027-06-25 18:22:21
TXN000847,U01828,54004,24,8.3,ICICI,2025-07-02 06:37:04,2027-06-22 06:37:04
TXN000848,U01828,89230,6,7.1,IndusInd,2025-07-08 06:35:04,2026-01-04 06:35:04
TXN000849,U01828,23986,6,8.23,IndusInd,2025-07-10 06:26:04,2026-01-06 06:26:04
TXN000850,U01837,74192,24,7.18,IndusInd,2025-07-21 01:15:16,2027-07-11 01:15:16
TXN000851,U01846,50655,12,6.69,SBI,2025-07-23 19:28:26,2026-07-18 19:28:26
TXN000852,U01846,13576,6,7.95,Kotak,2025-07-24 19:31:26,2026-01-20 19:31:26
TXN000853,U01846,44931,3,8.99,Axis,2025-08-04 19:34:26,2025-11-02 19:34:26
TXN000854,U01846,51696,36,8.74,Kotak,2025-08-04 19:27:26,2028-07-19 19:27:26
TXN000855,U01846,114471,12,8.44,Kotak,2025-07-31 19:28:26,2026-07-26 19:28:26
TXN000856,U01847,205310,36,8.04,ICICI,2025-07-29 21:40:02,2028-07-13 21:40:02
TXN000857,U01863,107008,12,8.66,Yes Bank,2025-07-20 17:35:59,2026-07-15 17:35:59
TXN000858,U01863,105121,12,8.75,IndusInd,2025-07-21 17:29:59,2026-07-16 17:29:59
TXN000859,U01863,93354,3,6.66,IDFC First,2025-08-01 17:29:59,2025-10-30 17:29:59
TXN000860,U01863,81746,12,7.12,ICICI,2025-08-07 17:25:59,2026-08-02 17:25:59
TXN000861,U01877,102326,6,8.82,ICICI,2025-07-24 06:19:13,2026-01-20 06:19:13
TXN000862,U01885,189349,12,8.54,HDFC,2025-07-16 08:42:24,2026-07-11 08:42:24
TXN000863,U01889,198693,12,6.93,Axis,2025-07-17 02:43:59,2026-07-12 02:43:59
TXN000864,U01892,36263,24,6.58,Axis,2025-07-13 05:36:14,2027-07-03 05:36:14
TXN000865,U01892,113595,12,8.39,HDFC,2025-07-17 05:27:14,2026-07-12 05:27:14
TXN000866,U01895,182323,6,7.8,HDFC,2025-07-14 20:30:17,2026-01-10 20:30:17
TXN000867,U01895,126812,12,6.82,Axis,2025-07-18 20:29:17,2026-07-13 20:29:17
TXN000868,U01899,330675,36,8.48,SBI,2025-07-29 00:02:10,2028-07-13 00:02:10
TXN000869,U01900,254648,36,8.32,HDFC,2025-07-07 03:26:54,2028-06-21 03:26:54
TXN000870,U01901,98127,36,7.46,IDFC First,2025-07-28 20:31:09,2028-07-12 20:31:09
TXN000871,U01901,153707,3,8.11,Axis,2025-07-28 20:35:09,2025-10-26 20:35:09
TXN000872,U01901,250812,12,6.63,IndusInd,2025-08-09 20:40:09,2026-08-04 20:40:09
TXN000873,U01910,93927,12,7.76,ICICI,2025-07-06 07:32:14,2026-07-01 07:32:14
TXN000874,U01910,58644,12,7.16,Kotak,2025-07-12 07:32:14,2026-07-07 07:32:14
TXN000875,U01910,43876,24,7.43,SBI,2025-07-22 07:46:14,2027-07-12 07:46:14
TXN000876,U01910,88737,12,6.53,SBI,2025-07-15 07:35:14,2026-07-10 07:35:14
TXN000877,U01911,37079,6,8.78,HDFC,2025-07-09 00:30:47,2026-01-05 00:30:47
TXN000878,U01928,57894,6,7.49,HDFC,2025-07-29 20:50:18,2026-01-25 20:50:18
TXN000879,U01928,80349,12,8.73,HDFC,2025-07-29 21:08:18,2026-07-24 21:08:18
TXN000880,U01928,44204,12,6.66,IndusInd,2025-08-12 20:47:18,2026-08-07 20:47:18
TXN000881,U01928,83420,12,7.88,IndusInd,2025-08-07 21:07:18,2026-08-02 21:07:18
TXN000882,U01929,63132,36,8.59,Yes Bank,2025-07-28 06:58:38,2028-07-12 06:58:38
TXN000883,U01929,162285,3,6.88,Yes Bank,2025-07-30 07:19:38,2025-10-28 07:19:38
TXN000884,U01931,35945,6,8.34,IDFC First,2025-07-01 23:18:50,2025-12-28 23:18:50
TXN000885,U01931,50000,24,8.55,ICICI,2025-07-01 23:20:50,2027-06-21 23:20:50
TXN000886,U01949,42257,12,7.32,Axis,2025-07-26 07:12:52,2026-07-21 07:12:52
TXN000887,U01949,47951,12,8.75,SBI,2025-08-04 07:08:52,2026-07-30 07:08:52
TXN000888,U01949,46951,36,6.97,SBI,2025-08-11 07:06:52,2028-07-26 07:06:52
TXN000889,U01949,39362,36,7.49,HDFC,2025-07-26 07:21:52,2028-07-10 07:21:52
TXN000890,U01957,362762,12,7.0,Axis,2025-07-22 20:25:52,2026-07-17 20:25:52
TXN000891,U01957,108978,12,6.61,Yes Bank,2025-07-27 20:46:52,2026-07-22 20:46:52
TXN000892,U01957,11669,12,7.39,IDFC First,2025-08-03 20:45:52,2026-07-29 20:45:52
TXN000893,U01958,128293,6,6.87,Axis,2025-07-28 02:51:34,2026-01-24 02:51:34
TXN000894,U01961,133883,24,7.14,SBI,2025-07-18 06:22:10,2027-07-08 06:22:10
TXN000895,U01969,305234,3,7.9,HDFC,2025-07-29 21:40:29,2025-10-27 21:40:29
TXN000896,U01971,152107,12,8.1,IndusInd,2025-07-27 23:23:05,2026-07-22 23:23:05
TXN000897,U01973,100511,12,7.01,IndusInd,2025-07-29 19:13:01,2026-07-24 19:13:01
TXN000898,U01973,263491,12,8.04,Kotak,2025-08-03 18:58:01,2026-07-29 18:58:01
TXN000899,U01975,41703,12,7.4,Axis,2025-07-19 18:52:31,2026-07-14 18:52:31
TXN000900,U01975,130578,3,7.88,HDFC,2025-07-27 19:02:31,2025-10-25 19:02:31
TXN000901,U01977,30090,24,6.72,ICICI,2025-07-15 21:06:13,2027-07-05 21:06:13
TXN000902,U01977,56012,12,7.22,HDFC,2025-07-16 21:04:13,2026-07-11 21:04:13
TXN000903,U01978,62332,12,7.55,IndusInd,2025-07-18 20:46:58,2026-07-13 20:46:58
TXN000904,U01983,36383,12,8.59,IDFC First,2025-07-29 21:16:51,2026-07-24 21:16:51
TXN000905,U01983,48499,6,8.67,Kotak,2025-08-01 21:06:51,2026-01-28 21:06:51
TXN000906,U01986,50589,12,8.9,Kotak,2025-07-25 06:39:28,2026-07-20 06:39:28
TXN000907,U01986,120779,6,8.34,IDFC First,2025-07-30 06:22:28,2026-01-26 06:22:28
TXN000908,U01986,148874,6,6.81,IDFC First,2025-08-02 06:39:28,2026-01-29 06:39:28
TXN000909,U01986,85374,6,8.89,IDFC First,2025-08-15 06:33:28,2026-02-11 06:33:28
TXN000910,U01986,64569,12,7.06,Kotak,2025-07-25 06:25:28,2026-07-20 06:25:28
TXN000911,U01996,54055,36,7.05,ICICI,2025-07-10 20:31:59,2028-06-24 20:31:59
TXN000912,U01996,13830,24,7.85,HDFC,2025-07-19 20:43:59,2027-07-09 20:43:59
TXN000913,U01996,53123,24,7.96,Axis,2025-07-24 20:44:59,2027-07-14 20:44:59
TXN000914,U01996,76806,12,6.53,IDFC First,2025-07-13 20:28:59,2026-07-08 20:28:59
TXN000915,U01999,39886,6,6.92,Kotak,2025-07-19 18:14:22,2026-01-15 18:14:22
TXN000916,U01999,30143,12,7.72,IndusInd,2025-07-26 18:16:22,2026-07-21 18:16:22
TXN000917,U01999,51324,12,8.18,ICICI,2025-07-23 18:32:22,2026-07-18 18:32:22
TXN000918,U01999,45382,24,8.0,Axis,2025-07-25 18:23:22,2027-07-15 18:23:22
